Exercício;Município;Nº da Licitação;Objeto;Data de Abertura;Data de Cadastro;Situação;Modalidade;Tipo de Obra;Síntese do Objeto;Elemento;Valor Utilizado;Valor Estimado Global;Objeto/Lote;Vencedor;CPF/CNPJ;Valor;Data de Fechamento;Link
2020;LIMOEIRO DO NORTE;001/2020;AQUISIÇÃO DE COMBUSTÍVEIS DESTINADO AOS VEÍCULOS A DISPOSIÇÃO DA CÂMARA MUNICIPAL DE LIMOEIRO DO NORTE;22/01/2020;10/01/2020;Finalizada;Pregão;Nenhuma;Combustíveis/Lubrificantes/Derivados de Petróleo;33903000;R$54.107,75;R$54.107,75;GASOLINA COMUM;BEZERRA E FILHO LTDA;05.267.406/0002-30;R$53.935,00;24/01/2020;http://www.tcm.ce.gov.br/licitacoes/index.php/licitacao/detalhes/proc/152398/licit/115621
2020;PARACURU;001/20-PP;Contratação de empresa para serviços de locação de sistemas informatizados de contabilidade, licitação, patrimônio, almoxarifado e portal da transparência junto a Câmara Municipal de Paracuru.;17/01/2020;07/01/2020;Finalizada;Pregão;Nenhuma;Tecnologia da Informação;33904000;R$22.394,00;R$22.394,00;SERVIÇOS DE LINCENÇA DE USO DE SISTEMAS INFORMATIZADO (SOFTWARE) DE LICITAÇÃO JUNTO A CÂMARA MUNICIPAL DE PARACURU.;ASP - AUTOMAÇÃO, SERVIÇOS E PRODUTOS DE INFORMÁTICA LTDA;02.288.268/0001-04;R$1.650,00;22/01/2020;http://www.tcm.ce.gov.br/licitacoes/index.php/licitacao/detalhes/proc/152232/licit/115503
2020;PARACURU;001/20-PP;Contratação de empresa para serviços de locação de sistemas informatizados de contabilidade, licitação, patrimônio, almoxarifado e portal da transparência junto a Câmara Municipal de Paracuru.;17/01/2020;07/01/2020;Finalizada;Pregão;Nenhuma;Tecnologia da Informação;33904000;R$22.394,00;R$22.394,00;SERVIÇOS DE LINCENÇA DE USO DE SISTEMAS INFORMATIZADO (SOFTWARE) DE LICITAÇÃO JUNTO A CÂMARA MUNICIPAL DE PARACURU.;ASP - AUTOMAÇÃO, SERVIÇOS E PRODUTOS DE INFORMÁTICA LTDA;02.288.268/0001-04;R$1.764,00;22/01/2020;http://www.tcm.ce.gov.br/licitacoes/index.php/licitacao/detalhes/proc/152232/licit/115503
2020;PARACURU;001/20-PP;Contratação de empresa para serviços de locação de sistemas informatizados de contabilidade, licitação, patrimônio, almoxarifado e portal da transparência junto a Câmara Municipal de Paracuru.;17/01/2020;07/01/2020;Finalizada;Pregão;Nenhuma;Tecnologia da Informação;33904000;R$22.394,00;R$22.394,00;SERVIÇOS DE LINCENÇA DE USO DE SISTEMAS INFORMATIZADO (SOFTWARE) DE ALMOXARIFADO JUNTO A CÂMARA MUNICIPAL DE PARACURU.;ASP - AUTOMAÇÃO, SERVIÇOS E PRODUTOS DE INFORMÁTICA LTDA;02.288.268/0001-04;R$1.800,00;22/01/2020;http://www.tcm.ce.gov.br/licitacoes/index.php/licitacao/detalhes/proc/152232/licit/115503
2020;PARACURU;001/20-PP;Contratação de empresa para serviços de locação de sistemas informatizados de contabilidade, licitação, patrimônio, almoxarifado e portal da transparência junto a Câmara Municipal de Paracuru.;17/01/2020;07/01/2020;Finalizada;Pregão;Nenhuma;Tecnologia da Informação;33904000;R$22.394,00;R$22.394,00;SERVIÇOS DE LINCENÇA DE USO DE SISTEMAS INFORMATIZADO (SOFTWARE) DE PORTAL DA TRANSPARÊNCIA EM ATENDIMENTO A LEI DE ACESSO A INFORMAÇÃO, JUNTO A CÂMARA MUNICIPAL DE PARACURU.;ASP - AUTOMAÇÃO, SERVIÇOS E PRODUTOS DE INFORMÁTICA LTDA;02.288.268/0001-04;R$3.255,00;22/01/2020;http://www.tcm.ce.gov.br/licitacoes/index.php/licitacao/detalhes/proc/152232/licit/115503
2020;PARACURU;001/20-PP;Contratação de empresa para serviços de locação de sistemas informatizados de contabilidade, licitação, patrimônio, almoxarifado e portal da transparência junto a Câmara Municipal de Paracuru.;17/01/2020;07/01/2020;Finalizada;Pregão;Nenhuma;Tecnologia da Informação;33904000;R$22.394,00;R$22.394,00;SERVIÇOS DE LINCENÇA DE USO DE SISTEMAS INFORMATIZADO (SOFTWARE) DE PATRIMÔNIO JUNTO A CÂMARA MUNICIPAL DE PARACURU.;ASP - AUTOMAÇÃO, SERVIÇOS E PRODUTOS DE INFORMÁTICA LTDA;02.288.268/0001-04;R$3.270,00;22/01/2020;http://www.tcm.ce.gov.br/licitacoes/index.php/licitacao/detalhes/proc/152232/licit/115503
2020;PARACURU;001/20-PP;Contratação de empresa para serviços de locação de sistemas informatizados de contabilidade, licitação, patrimônio, almoxarifado e portal da transparência junto a Câmara Municipal de Paracuru.;17/01/2020;07/01/2020;Finalizada;Pregão;Nenhuma;Tecnologia da Informação;33904000;R$22.394,00;R$22.394,00;SERVIÇOS DE LINCENÇA DE USO DE SISTEMAS INFORMATIZADO (SOFTWARE) DE PATRIMÔNIO JUNTO A CÂMARA MUNICIPAL DE PARACURU.;ASP - AUTOMAÇÃO, SERVIÇOS E PRODUTOS DE INFORMÁTICA LTDA;02.288.268/0001-04;R$3.504,00;22/01/2020;http://www.tcm.ce.gov.br/licitacoes/index.php/licitacao/detalhes/proc/152232/licit/115503
2020;PARACURU;001/20-PP;Contratação de empresa para serviços de locação de sistemas informatizados de contabilidade, licitação, patrimônio, almoxarifado e portal da transparência junto a Câmara Municipal de Paracuru.;17/01/2020;07/01/2020;Finalizada;Pregão;Nenhuma;Tecnologia da Informação;33904000;R$22.394,00;R$22.394,00;SERVIÇOS DE LINCENÇA DE USO DE SISTEMAS INFORMATIZADO (SOFTWARE) DE CONTABILIDADE JUNTO A CÂMARA MUNICIPAL DE PARACURU.;ASP - AUTOMAÇÃO, SERVIÇOS E PRODUTOS DE INFORMÁTICA LTDA;02.288.268/0001-04;R$9.825,00;22/01/2020;http://www.tcm.ce.gov.br/licitacoes/index.php/licitacao/detalhes/proc/152232/licit/115503
2020;PARACURU;001/20-PP;Contratação de empresa para serviços de locação de sistemas informatizados de contabilidade, licitação, patrimônio, almoxarifado e portal da transparência junto a Câmara Municipal de Paracuru.;17/01/2020;07/01/2020;Finalizada;Pregão;Nenhuma;Tecnologia da Informação;33904000;R$22.394,00;R$22.394,00;SERVIÇOS DE LINCENÇA DE USO DE SISTEMAS INFORMATIZADO (SOFTWARE) DE CONTABILIDADE JUNTO A CÂMARA MUNICIPAL DE PARACURU.;ASP - AUTOMAÇÃO, SERVIÇOS E PRODUTOS DE INFORMÁTICA LTDA;02.288.268/0001-04;R$10.512,00;22/01/2020;http://www.tcm.ce.gov.br/licitacoes/index.php/licitacao/detalhes/proc/152232/licit/115503
2020;JAGUARIBE;01.06.001/2020;Contratação da prestação de serviços com locação de sistemas informatizados de contabilidade, licitação, patrimônio, veículos e almoxarifado, conforme especificações no edital;20/01/2020;09/01/2020;Finalizada;Pregão;Nenhuma;Outros;33904000;R$16.371,63;R$16.371,63;LOTE UNICO;SISTEMAS INTEGRADOS APLICADO AO SETOR PÚBLICO - LTDA.;18.603.971/0001-91;R$14.850,00;24/01/2020;http://www.tcm.ce.gov.br/licitacoes/index.php/licitacao/detalhes/proc/152377/licit/115604
2020;IPUEIRAS;PP 001/2020-CMI;AQUISIÇÃO DE COMBUSTÍVEIS DESTINADOS AO ABASTECIMENTO DOS VEÍCULOS PERTENCENTES À CÂMARA MUNICIPAL DE IPUEIRAS-CE;21/01/2020;08/01/2020;Finalizada;Pregão;Nenhuma;Combustíveis/Lubrificantes/Derivados de Petróleo;33903000;R$59.160,00;R$59.160,00;ITEM 01 - GASOLINA COMUM (12.000 LITROS);AUTO POSTO FALPEL VAMOS VER LTDA;13.046.372/0001-09;R$58.800,00;24/01/2020;http://www.tcm.ce.gov.br/licitacoes/index.php/licitacao/detalhes/proc/152280/licit/115536
2020;IPUEIRAS;001/20-PE-DIV;REGISTRO DE PREÇOS PARA EVENTUAIS AQUISIÇÕES DE COMBUSTÍVEIS DESTINADOS AS DIVERSAS SECRETARIAS DESTE MUNICÍPIO.;21/01/2020;10/01/2020;Finalizada;Pregão;Nenhuma;Combustíveis/Lubrificantes/Derivados de Petróleo;;R$0,00;R$7.033.227,45;ETANOL COMUM;AUTO POSTO FALPEL VAMOS VER LTDA EPP;13.046.372/0001-09;R$460.402,50;23/01/2020;http://www.tcm.ce.gov.br/licitacoes/index.php/licitacao/detalhes/proc/152399/licit/115622
2020;IPUEIRAS;001/20-PE-DIV;REGISTRO DE PREÇOS PARA EVENTUAIS AQUISIÇÕES DE COMBUSTÍVEIS DESTINADOS AS DIVERSAS SECRETARIAS DESTE MUNICÍPIO.;21/01/2020;10/01/2020;Finalizada;Pregão;Nenhuma;Combustíveis/Lubrificantes/Derivados de Petróleo;;R$0,00;R$7.033.227,45;DIESEL S-10;AUTO POSTO FALPEL VAMOS VER LTDA EPP;13.046.372/0001-09;R$1.233.792,00;23/01/2020;http://www.tcm.ce.gov.br/licitacoes/index.php/licitacao/detalhes/proc/152399/licit/115622
2020;IPUEIRAS;001/20-PE-DIV;REGISTRO DE PREÇOS PARA EVENTUAIS AQUISIÇÕES DE COMBUSTÍVEIS DESTINADOS AS DIVERSAS SECRETARIAS DESTE MUNICÍPIO.;21/01/2020;10/01/2020;Finalizada;Pregão;Nenhuma;Combustíveis/Lubrificantes/Derivados de Petróleo;;R$0,00;R$7.033.227,45;GASOLINA COMUM;AUTO POSTO FALPEL VAMOS VER LTDA EPP;13.046.372/0001-09;R$2.370.837,00;23/01/2020;http://www.tcm.ce.gov.br/licitacoes/index.php/licitacao/detalhes/proc/152399/licit/115622
2020;IPUEIRAS;001/20-PE-DIV;REGISTRO DE PREÇOS PARA EVENTUAIS AQUISIÇÕES DE COMBUSTÍVEIS DESTINADOS AS DIVERSAS SECRETARIAS DESTE MUNICÍPIO.;21/01/2020;10/01/2020;Finalizada;Pregão;Nenhuma;Combustíveis/Lubrificantes/Derivados de Petróleo;;R$0,00;R$7.033.227,45;DIESEL COMUM;AUTO POSTO FALPEL VAMOS VER LTDA EPP;13.046.372/0001-09;R$3.146.624,00;23/01/2020;http://www.tcm.ce.gov.br/licitacoes/index.php/licitacao/detalhes/proc/152399/licit/115622
2020;ITAITINGA;0301.01/2020/PP;AQUISIÇÃO DE GÁS OXIGÊNIO MEDICINAL E AR COMPRIMIDO MEDICINAL ARMAZENADOS EM CILINDROS JUNTO A SECRETARIA DE SAÚDE DO MUNICÍPIO DE ITAITINGA/CE.;17/01/2020;06/01/2020;Finalizada;Pregão;Nenhuma;Outros;33903000;R$215.120,00;R$215.120,00;ITEM 02 - GÁS COMPRIMIDO, NOME AR MEDICINAL M³ 4.000;C.A. LIMA SERVIÇOS LTDA;11.955.165/0001-33;R$38.800,00;22/01/2020;http://www.tcm.ce.gov.br/licitacoes/index.php/licitacao/detalhes/proc/152154/licit/115442
2020;ITAITINGA;0301.01/2020/PP;AQUISIÇÃO DE GÁS OXIGÊNIO MEDICINAL E AR COMPRIMIDO MEDICINAL ARMAZENADOS EM CILINDROS JUNTO A SECRETARIA DE SAÚDE DO MUNICÍPIO DE ITAITINGA/CE.;17/01/2020;06/01/2020;Finalizada;Pregão;Nenhuma;Outros;33903000;R$215.120,00;R$215.120,00;ITEM 01 - GÁS COMPRIMIDO, NOME OXIGENIO M³ 20.000;C.A. LIMA SERVIÇOS LTDA;11.955.165/0001-33;R$176.000,00;22/01/2020;http://www.tcm.ce.gov.br/licitacoes/index.php/licitacao/detalhes/proc/152154/licit/115442
2020;MUCAMBO;0201.02/2020;CONTRATAÇÃO DE EMPRESA ESPECIALIZADA NO SERVIÇO DE LOCAÇÃO/FRETAMENTO A SER EFETUADO COM VEÍCULO TIPO MOTOCICLETA (45 MOTOCICLETAS), MÍNIMO 125 CC DE INTERESSE DA SECRETARIA DE EDUCAÇÃO DO MUNICÍPIO DE MUCAMBO/CE.;15/01/2020;03/01/2020;Finalizada;Pregão;Nenhuma;Locação de Veículos;33903900;R$637.200,00;R$637.200,00;1.MOTOCICLETAS, MINIMO DE 125CC COM KM MAXIMA DE 20KM DIA, COM MANUNTENÇÃO, COMBUSTIVEL E PILOTO POR CONTA DA CONTRATADA, PARA TRANSPORTAR OS PROFESSORES PARA AS ESCOLAS DO INTERIOR DO MUNICIPIO DE MUCAMBO – CE. - 45 MOTOCICLETAS - 12 MESES;M.P TIMBÓ CONSTRUÇÕES-ME;26.478.401/0001-45;R$454.798,80;23/01/2020;http://www.tcm.ce.gov.br/licitacoes/index.php/licitacao/detalhes/proc/152109/licit/115415
2020;PIRES FERREIRA;07TP06/2019;CONTRATAÇÃO DE EMPRESA ESPECIALIZADA NOS SERVIÇOS DE ENGENHARIA CIVIL DESTINADOS A CONSTRUÇÃO DO MURO DE ALVENARIA DO LIXÃO A CÉU ABERTO NO MUNICÍPIO DE PIRES FERREIRA-CE.;20/01/2020;06/01/2020;Finalizada;Tomada de Preços;Outras Obras;Obras;44905100;R$138.913,41;R$138.913,41;CONTRATAÇÃO DE EMPRESA ESPECIALIZADA NOS SERVIÇOS DE ENGENHARIA CIVIL DESTINADOS A CONSTRUÇÃO DO MURO DE ALVENARIA DO LIXÃO A CÉU ABERTO NO MUNICÍPIO DE PIRES FERREIRA-CE.;N. MARTINS CONSTRUTORA & EMPREENDIMENTOS EIRELI;22.111.928/0001-86;R$136.598,48;24/01/2020;http://www.tcm.ce.gov.br/licitacoes/index.php/licitacao/detalhes/proc/152148/licit/115438
2019;JAGUARIBE;12.26.001/2019;AQUISIÇÃO DE EQUIPAMENTOS E MATERIAIS COM SERVIÇOS DE MANUTENÇÃO INCLUSOS, PARA MELHORIA DA ESTAÇÃO DE TRATAMENTO DE ÁGUA - ETA DO DISTRITO DE NOVA FLORESTA, MUNICÍPIO DE JAGUARIBE-CE.;13/01/2020;02/01/2020;Finalizada;Pregão;Nenhuma;Outros;33903000;R$69.018,03;R$117.841,03;LOTE ÚNICO;TECNOSAN PROJETOS E SOLUÇÕES EM SANEAMENTO AMBIENTAL EIRELLI;26.775.721/0001-67;R$102.000,00;15/01/2020;http://www.tcm.ce.gov.br/licitacoes/index.php/licitacao/detalhes/proc/152037/licit/115367
2019;JAGUARIBE;12.26.001/2019;AQUISIÇÃO DE EQUIPAMENTOS E MATERIAIS COM SERVIÇOS DE MANUTENÇÃO INCLUSOS, PARA MELHORIA DA ESTAÇÃO DE TRATAMENTO DE ÁGUA - ETA DO DISTRITO DE NOVA FLORESTA, MUNICÍPIO DE JAGUARIBE-CE.;13/01/2020;02/01/2020;Finalizada;Pregão;Nenhuma;Outros;44905200;R$48.823,00;R$117.841,03;LOTE ÚNICO;TECNOSAN PROJETOS E SOLUÇÕES EM SANEAMENTO AMBIENTAL EIRELLI;26.775.721/0001-67;R$102.000,00;15/01/2020;http://www.tcm.ce.gov.br/licitacoes/index.php/licitacao/detalhes/proc/152037/licit/115367
2020;PORANGA;1812.1/19;CONTRATAÇÃO DOS SERVIÇOS DE PUBLICAÇÃO DE MATÉRIAS LEGAIS DE INTERESSE DA PREFEITURA MUNICIPAL DE PORANGA/CE.;08/01/2020;07/01/2020;Finalizada;Pregão;Nenhuma;Outros;33903900;R$231.703,32;R$231.703,33;1.1. CONTRATAÇÃO DOS SERVIÇOS DE PUBLICAÇÃO DE MATÉRIAS LEGAIS DE INTERESSE DA PREFEITURA MUNICIPAL DE PORANGA/CE.;HEDELITA NOGUEIRA VIEIRA / OBJETIVA REPRESENTAÇÕES E PUBLICIDADE;07.779.242/0001-74;R$217.800,00;22/01/2020;http://www.tcm.ce.gov.br/licitacoes/index.php/licitacao/detalhes/proc/152246/licit/115516
2020;PORANGA;1912.1/19;AQUISIÇÃO DE EQUIPAMENTOS DE INFORMÁTICA DESTINADOS A SECRETARIA DE SAÚDE DO MUNICÍPIO DE PORANGA/CE.;10/01/2020;09/01/2020;Finalizada;Pregão;Nenhuma;Outros;44905200;R$107.564,60;R$107.564,60;"02 - Impressora com tecnologia Laser ou Led; padrão de cor monocromático; tipo multifuncional (imprime, copia, digitaliza, fax opcional); memória 128 MB; resolução de impressão 600 x 600 DPI; resolução de digitalização 1200 x 1200 DPI; resolução de cópia 600 x 600; velocidade de impressão 30 PPM preto e branco; capacidade da bandeja 150 páginas; ciclo mensal 30.000 páginas; fax 33.6kbps opcional; interfaces USB, rede ethernet 10/100 e WIFI 802.11 b/g/n ; frente e verso automático; o produto deverá ser novo, sem uso, reforma ou recondicionamento; garantia mínima de 12 meses.";ANTONIO ROBERTO UCHOA DE ALMEIDA - ME (COMERCIAL UCHOA );09.296.241/0001-02;R$9.450,00;14/01/2020;http://www.tcm.ce.gov.br/licitacoes/index.php/licitacao/detalhes/proc/152378/licit/115605
2020;PORANGA;1912.1/19;AQUISIÇÃO DE EQUIPAMENTOS DE INFORMÁTICA DESTINADOS A SECRETARIA DE SAÚDE DO MUNICÍPIO DE PORANGA/CE.;10/01/2020;09/01/2020;Finalizada;Pregão;Nenhuma;Outros;44905200;R$107.564,60;R$107.564,60;"01 - Computador desktop com processador no mínimo Intel core i3 ou AMD a10 ou similar; possuir 1 (um) disco rígido de 500 gigabyte; memória RAM de 08 (oito) gigabytes, em 02 (dois) módulos idênticos de 04 (quatro) gigabytes cada, do tipo SDRAM ddr4 2.133 MHZ ou superior, operando em modalidade dual CHANNEL; a placa principal deve ter arquitetura ATX, MICROATX, BTX ou MICROBTX, conforme padrões estabelecidos e divulgados no sítio www.formfactors.org, organismo que define os padrões existentes; possuir pelo menos 01 (um) slot PCI-EXPRESS 2.0 x16 ou superior; possuir sistema de detecção de intrusão de chassis, com acionador instalado no gabinete; o adaptador de vídeo integrado deverá ser no mínimo de 01 (um) gigabyte de memória, possuir suporte ao MICROSOFT DIRECTX 10.1 ou superior, suportar monitor estendido, possuir no mínimo 02 (duas) saídas de vídeo, sendo pelo menos 01 (uma) digital do tipo HDMI, display PORT ou DVI; unidade combinada de gravação de disco ótico CD, DVD rom; teclado USB, abnt2, 107 teclas (com fio) e mouse USB, 800 DPI, 2 botões, scroll (com fio); monitor de LED 19 polegadas (widescreen 16:9); interfaces de rede 10/100/1000 e WIFI padrão IEEE 802.11 b/g/n; sistema operacional Windows 10 pro (64 bits); fonte compatível e que suporte toda a configuração exigida no item; gabinete e periféricos deverão funcionar na vertical ou horizontal; todos os equipamentos ofertados (gabinete, teclado, mouse e monitor) devem possuir gradações neutras das cores branca, preta ou cinza, e manter o mesmo padrão de cor; todos os componentes do produto deverão ser novos, sem uso, reforma ou recondicionamento; garantia de 12 meses.";ANTONIO ROBERTO UCHOA DE ALMEIDA - ME (COMERCIAL UCHOA );09.296.241/0001-02;R$87.980,00;14/01/2020;http://www.tcm.ce.gov.br/licitacoes/index.php/licitacao/detalhes/proc/152378/licit/115605
2020;PORANGA;1912.1/19;AQUISIÇÃO DE EQUIPAMENTOS DE INFORMÁTICA DESTINADOS A SECRETARIA DE SAÚDE DO MUNICÍPIO DE PORANGA/CE.;10/01/2020;09/01/2020;Finalizada;Pregão;Nenhuma;Outros;44905200;R$107.564,60;R$107.564,60;04 - Transformador bivolt com proteção térmica 1500VA.;WASHINGTON L. MANO AZEVEDO (MAXIMUS INFORMATICA);07.994.391/0001-56;R$444,00;14/01/2020;http://www.tcm.ce.gov.br/licitacoes/index.php/licitacao/detalhes/proc/152378/licit/115605
2020;PORANGA;1912.1/19;AQUISIÇÃO DE EQUIPAMENTOS DE INFORMÁTICA DESTINADOS A SECRETARIA DE SAÚDE DO MUNICÍPIO DE PORANGA/CE.;10/01/2020;09/01/2020;Finalizada;Pregão;Nenhuma;Outros;44905200;R$107.564,60;R$107.564,60;03 - Estabilizador BMI/MCM SAVE PRO 500 VA BIV/115V;WASHINGTON L. MANO AZEVEDO (MAXIMUS INFORMATICA);07.994.391/0001-56;R$5.880,00;14/01/2020;http://www.tcm.ce.gov.br/licitacoes/index.php/licitacao/detalhes/proc/152378/licit/115605
2019;MOMBACA;004/2019INFR-PE;REGISTRO DE PREÇOS, CONSIGNADO EM ATA, PELO PRAZO DE 12 (DOZE) MESES, PARA FUTURA E EVENTUAL AQUISIÇÃO DE MATERIAL PERMANENTE E DE CONSUMO PARA SUPRIR AS NECESSIDADES DOS AGENTES DO DEMUTRAN, DE RESPONSABILIDADE DA SECRETARIA DE INFRAESTRUTURA DO MUNICÍPIO DE MOMBAÇA. MEDIANTE PREGÃO ELETRÔNICO, CONFORME ESPECIFICAÇÃO CONTIDA NOS ANEXOS DESTE EDITAL.;04/12/2019;07/01/2020;Finalizada;Pregão;Nenhuma;Material Permanente;;R$0,00;R$41.192,34;11 FOGÃO C/ 04 QUEIMADORES 01 UNIDADE R$ 850,00 Especificação : Fogão 4 bocas queimadores esmaltado com tampa de vidro;MAX ELETRO E MAGAZINE EIRELI;02.347.734/0001-77;R$530,08;07/01/2020;http://www.tcm.ce.gov.br/licitacoes/index.php/licitacao/detalhes/proc/152241/licit/115511
2019;MOMBACA;004/2019INFR-PE;REGISTRO DE PREÇOS, CONSIGNADO EM ATA, PELO PRAZO DE 12 (DOZE) MESES, PARA FUTURA E EVENTUAL AQUISIÇÃO DE MATERIAL PERMANENTE E DE CONSUMO PARA SUPRIR AS NECESSIDADES DOS AGENTES DO DEMUTRAN, DE RESPONSABILIDADE DA SECRETARIA DE INFRAESTRUTURA DO MUNICÍPIO DE MOMBAÇA. MEDIANTE PREGÃO ELETRÔNICO, CONFORME ESPECIFICAÇÃO CONTIDA NOS ANEXOS DESTE EDITAL.;04/12/2019;07/01/2020;Finalizada;Pregão;Nenhuma;Material Permanente;;R$0,00;R$41.192,34;"LOTE II ITEM DESCRIÇAO QUANT. TOTAL UNIDADE VALOR MÉDIO UNITÁRIO 13 CONE DE SINALIZAÇÃO EM PVC 50 UNIDADE R$ 29,70 Especificação : Material em PVC cone em borracha semi flexível com faixa reflexiva branca e laranja , 75 cm de altura, sinalizador de tráfego e trânsito de acordo com NBR 15071, fabricado em polietileno com proteção contra raios UV peso 0,750 kg contem dois reflexivos de alta intensidade reflexiva de 10 cm cada. Possui abertura no topo com 3 cm de diâmetro para colocação de suporte para acoplamento de sinalizadores. Possui rebaixo a 4 cm do topo que facilita a movimentação do produt 14 CAVALETE PLÁSTICO DOBRÁVEL 25 UNIDADE R$ 321,66 Especificação : Confeccionado em Polietileno de média densidade, na cor laranja, com proteção contra raios UV´s, altura de 1,15 m e largura de 0,62 m; peso entre 7 e 8 kgs, com reservatório vazio. O Cavalete deverá possuir na parte central superior 01 alça anatômica de 7 x 11 cm para facilitar o transporte e, ao lado da alça, berços próprios para fixação de sinalizador luminoso, confeccionados na própria peça; Deverá possuir estrutura reforçada a fim de resistir a impactos e furo na parte interna que permita colocar areia, podendo elevar seu peso proporcionando melhor estabilidade. Sua base deverá possuir 6 pés de apoio, sendo 3 de cada lado, para melhor fixação ao solo, evitando deslocamentos involuntários. O Cavalete deverá ser articulado na parte superior por 02 parafusos sextavados zincados com 02 arruelas lisas e porcas auto-travante. Cada face do Cavalete deverá possuir 02 rebaixos, sendo 01 superior medindo 0,60 x 0,30 m e 01 inferior medindo 0,60 x 0,20 m , para aplicação e proteção de película refletiva. Nas partes rebaixadas deverá ser aplicada película auto-adesiva, com elementos microprismáticos, na cor branca, com refletividade mínima de 500 candelas/lux/m2 (ângulos de 0,2º / -4º) com resistência a destacamento inferior a 50 mm e resistente a 2.200h de intemperismo (mantendo até 80% de suas características de cor e refletividade) de acordo com a norma ABNT NBR 14644/07 com inscrição na cor preta pelo processo de serigrafia. 15 FITA DE ISOLAMENTO DE AREA 50 ROLO R$ 8,66 Especificação : fita para sinalização - fita para isolamento de área, em material plástico, comprimento de 200m, largura 10cm, cor preta e amarela em diagonal zebrada. 16 CORRENTE PLÁSTICA 02 UNIDADE R$ 10,66 Especificação : Corrente Plástica PVC 6mm Preta/Amarela medindo 50 metros 17 LANTERNA LED. 15 UNIDADE R$ 63,63 Especificação : Material de alta resistência em liga de magnésio, usinagem de pressão, dura e resistente não se deforma. Qualidades do projeto: Resistente a água, a prova de choques, a prova de corrosões, cabo anatômico, possui cordão de pulso ajustável, botão liga e desliga na parte de trás. Modos de funcionamento: 100% da capacidade (Super Potente), 75% da capacidade (Econômica), 50% da capacidade (Econômica),Strobo (pisca pisca) e SOS Universal.Zoom: Novo Sistema de Foco regulável - 1 a 2000x vezes Fonte de luz: Utiliza LED - L2, com vida útil até 100.000 horas de uso. O LED L2 é usado pela Marinha Norte Americana, Guarda Costeira, Bombeiros, Policiais, Equipes de Busca e Salvamento Norte Americano. Alimentação: 1 x Bateria Li-ion 26650 de - 3.7/4.2V Recarregável LED CREE Fabricado nos EUA. Tempo de Recarga: roximadamente 6 Horas para carga completa Autonomia de Uso: Aproximadamente 1:00 hora de uso contínuo (modo mais forte) e até 12 horas nos demais modos de iluminação de uso contínuo.Dimensões: Comprimento da Lanterna 15 cm, Diâmetro da Frente 3,5 cm, Diâmetro da Lente 2,8 cm Diâmetro do Corpo 2,7 cm Peso aproximado: 180g Itens inclusos: 1 x Lanterna Tática de Led Recarregável 1 x Cordão de Pulso 1 x Bateria Recarregável de Lítio - 3.7/4,2v Blindada 1 x Carregador residencial Bivolt 18 APITO TRÁFEGO 15 UNIDADE R$ 55,62 Especificação : Apito de trânsito em metal cromado, modelo gaita. 19 TINTA PARA DEMARCAÇÃO DE SOLO - BRANCO 05 GALÃO R$ 53,53 Especificação : Tinta desenvolvida especialmente para asfalto de alta resistência e desgastes por atritos sofridos no trafego de veículos de cor branca, produzida à base de resina acrílica com cargas minerais. Tinta acrílica a base de solvente e aditivos especiais, de boa flexibilidade, secagem rápida e muito boa resistência à sujeira e manchas. De fácil aplicação a rolo, apresenta excelente capacidade de retenção de cor devido a sua ótima resistência a radiação ultravioleta e intempéries em geral. Usos Recomendados: Para pintura de faixas de demarcação de tráfego, de pessoas ou de veículos, em ruas, estradas ou indústrias. Fornecida em Galões de 3,6 Lts. Conforme normas ABNT NBR 8169, 11862, 12935 DNER 368-2000, DNER 371-2000 20 TINTA PARA DEMARCAÇÃO DE SOLO - AMARELO 05 GALÃO R$ 53,53 Especificação : Tinta para demarcação de solo Tinta desenvolvida especialmente para asfalto de alta resistência e desgastes por atritos sofridos no trafego de veículos de cor amarela produzida à base de resina acrílica com cargas minerais. Tinta acrílica a base de solvente e aditivos especiais, de boa flexibilidade, secagem rápida e muito boa resistência à sujeira e manchas. De fácil aplicação a rolo, apresenta excelente capacidade de retenção de cor devido a sua ótima resistência a radiação ultravioleta e intempéries em geral. Usos Recomendados: Para pintura de faixas de demarcação de tráfego, de pessoas ou de veículos, em ruas, estradas ou indústrias. Fornecida em Galões de 3,6 Lts. Conforme normas ABNT NBR 8169, 11862, 12935 DNER 368-2000, DNER 371-2000 21 CAPACETE ESCAMOTEÁVEL 03 UNIDADE R$ 328,44 Especificação : Casco Injetado em ABS - Modelo de Queixo Escamoteável com Travamento de Engate Rápido Acionado Somente com Uma das Mãos - Cinta Jugular com Fecho de Engate Rápido Micrométrico - Berço Confeccionado em EPS - Na Cor Preta com Verde - Viseira Cristal em Policarbonato com 2mm de Espessura - Aprovado pelo INMETRO - Troca de Viseira com Parafusos Philips OBS: Capacete certificado conforme as Portarias n.º456 e 333 do INMETRO e NBR 7471. Conteúdo da Embalagem: - 1 Capacete Escamoteável Importante: Garantia de 3 meses. 22 KIT CINTO TÁTICO. 13 KIT R$ 117,05 Especificação : Kit Cinto Tático + Porta Algemas + Porta Tonfa + Bornal Força Nacional. Cor preta. Cinto de guarnição policial modelo Força Nacional de Segurança. Descrição do Bornal: Bolso principal com fechamento em zíper. Três porta carregadores frontais com fechamento em velcro Fitas com regulagem em velcro Passador de cintos em nylon com regulagem e fechos plásticos TicTac Porta faca com abertura superior; Dimensões: Comprimento: 27,5cm, Largura: 18cm";MAX ELETRO E MAGAZINE EIRELI;02.347.734/0001-77;R$646,11;07/01/2020;http://www.tcm.ce.gov.br/licitacoes/index.php/licitacao/detalhes/proc/152241/licit/115511
2019;MOMBACA;004/2019INFR-PE;REGISTRO DE PREÇOS, CONSIGNADO EM ATA, PELO PRAZO DE 12 (DOZE) MESES, PARA FUTURA E EVENTUAL AQUISIÇÃO DE MATERIAL PERMANENTE E DE CONSUMO PARA SUPRIR AS NECESSIDADES DOS AGENTES DO DEMUTRAN, DE RESPONSABILIDADE DA SECRETARIA DE INFRAESTRUTURA DO MUNICÍPIO DE MOMBAÇA. MEDIANTE PREGÃO ELETRÔNICO, CONFORME ESPECIFICAÇÃO CONTIDA NOS ANEXOS DESTE EDITAL.;04/12/2019;07/01/2020;Finalizada;Pregão;Nenhuma;Material Permanente;;R$0,00;R$41.192,34;08 ARMÁRIO DE AÇO C/ 02 PORTAS 06 UNIDADE R$ 900,00 Especificação : Armário de aço 02 portas 04 prateleiras cor cinza - pintura eletrostática a pó antiferruginoso por fosfatização, chapa 26, capacidade mínimo 25 kg distribuído, fechadura yale, 02 maçanetas externas cromadas, portas de abrir, altura 1988 mm, largura 1200 mm, profundidade 450 mm, podendo variar as medidas em até 5%;MAX ELETRO E MAGAZINE EIRELI;02.347.734/0001-77;R$718,00;07/01/2020;http://www.tcm.ce.gov.br/licitacoes/index.php/licitacao/detalhes/proc/152241/licit/115511
2019;MOMBACA;004/2019INFR-PE;REGISTRO DE PREÇOS, CONSIGNADO EM ATA, PELO PRAZO DE 12 (DOZE) MESES, PARA FUTURA E EVENTUAL AQUISIÇÃO DE MATERIAL PERMANENTE E DE CONSUMO PARA SUPRIR AS NECESSIDADES DOS AGENTES DO DEMUTRAN, DE RESPONSABILIDADE DA SECRETARIA DE INFRAESTRUTURA DO MUNICÍPIO DE MOMBAÇA. MEDIANTE PREGÃO ELETRÔNICO, CONFORME ESPECIFICAÇÃO CONTIDA NOS ANEXOS DESTE EDITAL.;04/12/2019;07/01/2020;Finalizada;Pregão;Nenhuma;Material Permanente;;R$0,00;R$41.192,34;04 MICROFONE S/ FIO PROFISSIONAL DUPLO UHF 02 UNIDADE R$ 900,00 Especificação : Receptor R-302, - Frequência: 614~806MHz - Estabilidade de Frequência: = 0.005% - Saída Rf: -100dBm - Imagem de Rejeição Espelhada: = 45dB - Sinal/Ruído: = 95 dB - Distorção: = 0.5% - Nível de Saída de Áudio: = 1V (10K) - Alimentação: DC12V 500MA - Microfones de Mão Uhf-302 - Frequência 1: 685.8MHz / 690.3MHz - Frequência 2:/ 687.3MHz / 694.8MHz - Frequência de Estabilidade: 10ppm - Saída Rf: - Modulação: Fm - Desvio Máximo: ±75KHz - Emissão Simulada: = 40 dB - Alimentação: 3V (2 pilhas tamanho Aa) - Consumo de Corrente: 100mA - Ítens Inclusos - 1 Receptor R-302 - 2 Microfones de Mão Uhf-302 - 1 Cabo P10/P10 - 1 Fonte de Energia Bivolt - 1 Manual de Instruções - 1 Case de Transporte;MAX ELETRO E MAGAZINE EIRELI;02.347.734/0001-77;R$814,96;07/01/2020;http://www.tcm.ce.gov.br/licitacoes/index.php/licitacao/detalhes/proc/152241/licit/115511
2019;MOMBACA;004/2019INFR-PE;REGISTRO DE PREÇOS, CONSIGNADO EM ATA, PELO PRAZO DE 12 (DOZE) MESES, PARA FUTURA E EVENTUAL AQUISIÇÃO DE MATERIAL PERMANENTE E DE CONSUMO PARA SUPRIR AS NECESSIDADES DOS AGENTES DO DEMUTRAN, DE RESPONSABILIDADE DA SECRETARIA DE INFRAESTRUTURA DO MUNICÍPIO DE MOMBAÇA. MEDIANTE PREGÃO ELETRÔNICO, CONFORME ESPECIFICAÇÃO CONTIDA NOS ANEXOS DESTE EDITAL.;04/12/2019;07/01/2020;Finalizada;Pregão;Nenhuma;Material Permanente;;R$0,00;R$41.192,34;"03 CAIXA DE SOM 02 UNIDADE R$ 1.380,00 Especificação : Caixa amplificada no mínimo 150 w/RMS, 01 alto-falante 12"", resposta de frequência: 80hz a 20khz. Drive Titânio 1"", Suporte tipo flange para pedestal, Proteção térmica e Limiter. Classe de amplificação AB. Entrada USB para mp3, Display LCD para unidade USB, Equalizador gráfico de 5 bandas, Entrada para microfone. Múltiplas conexões, conector RCA estéreo, (¼"" P-10) e XLR. Alimentação: 127V / 220V - chave seletora.";MAX ELETRO E MAGAZINE EIRELI;02.347.734/0001-77;R$1.039,89;07/01/2020;http://www.tcm.ce.gov.br/licitacoes/index.php/licitacao/detalhes/proc/152241/licit/115511
2019;MOMBACA;004/2019INFR-PE;REGISTRO DE PREÇOS, CONSIGNADO EM ATA, PELO PRAZO DE 12 (DOZE) MESES, PARA FUTURA E EVENTUAL AQUISIÇÃO DE MATERIAL PERMANENTE E DE CONSUMO PARA SUPRIR AS NECESSIDADES DOS AGENTES DO DEMUTRAN, DE RESPONSABILIDADE DA SECRETARIA DE INFRAESTRUTURA DO MUNICÍPIO DE MOMBAÇA. MEDIANTE PREGÃO ELETRÔNICO, CONFORME ESPECIFICAÇÃO CONTIDA NOS ANEXOS DESTE EDITAL.;04/12/2019;07/01/2020;Finalizada;Pregão;Nenhuma;Material Permanente;;R$0,00;R$41.192,34;"09 GUARDA VOLUMES EM AÇO C/ 16 PORTAS 01 UNIDADE R$ 1.600,00 Especificação : Guarda Volume Em Aço Com 16 Portas Cinza Para Cadeado, Medidas Altura: 193 Cm, Largura: 138 Cm Profundidade: 40 Cm; Características - Totalmente Montável, Dispensa A Utilização De Parafusos - Com Pitão Para Cadeado (Cadeado Não Incluso) - Estrutura Chapa 24 E 26 (0,60mm E 0,45mm) - 16 Portas Com 1 Veneziana Para Ventilação E 1 Reforço Interno Por Porta - Capacidade Por Prateleira 15kg (Bem Distribuídos) - Itens De Série: - 32 Cabides De Nylon - 10 Pés Reguláveis Em Pvc - Pintura Eletrostática A Pó (Tinta Híbrida) Na Cor Cinza Cristal";MAX ELETRO E MAGAZINE EIRELI;02.347.734/0001-77;R$1.124,65;07/01/2020;http://www.tcm.ce.gov.br/licitacoes/index.php/licitacao/detalhes/proc/152241/licit/115511
2019;MOMBACA;004/2019INFR-PE;REGISTRO DE PREÇOS, CONSIGNADO EM ATA, PELO PRAZO DE 12 (DOZE) MESES, PARA FUTURA E EVENTUAL AQUISIÇÃO DE MATERIAL PERMANENTE E DE CONSUMO PARA SUPRIR AS NECESSIDADES DOS AGENTES DO DEMUTRAN, DE RESPONSABILIDADE DA SECRETARIA DE INFRAESTRUTURA DO MUNICÍPIO DE MOMBAÇA. MEDIANTE PREGÃO ELETRÔNICO, CONFORME ESPECIFICAÇÃO CONTIDA NOS ANEXOS DESTE EDITAL.;04/12/2019;07/01/2020;Finalizada;Pregão;Nenhuma;Material Permanente;;R$0,00;R$41.192,34;07 IMPRESSORA JATO DE TINTA 03 UNIDADE R$ 1.399,00 Especificação : Multifuncional 4 em 1: imprime, copia, digitaliza e fax Alto rendimento 4.500 páginas em preto e 7.500 páginas em cores² ADF de alta produtividade - 30 páginas | 4,5 ipm Conectividade completa: USB, Wi-Fi, Wi-Fi Direct, Ethernet;MAX ELETRO E MAGAZINE EIRELI;02.347.734/0001-77;R$1.385,44;07/01/2020;http://www.tcm.ce.gov.br/licitacoes/index.php/licitacao/detalhes/proc/152241/licit/115511
2019;MOMBACA;004/2019INFR-PE;REGISTRO DE PREÇOS, CONSIGNADO EM ATA, PELO PRAZO DE 12 (DOZE) MESES, PARA FUTURA E EVENTUAL AQUISIÇÃO DE MATERIAL PERMANENTE E DE CONSUMO PARA SUPRIR AS NECESSIDADES DOS AGENTES DO DEMUTRAN, DE RESPONSABILIDADE DA SECRETARIA DE INFRAESTRUTURA DO MUNICÍPIO DE MOMBAÇA. MEDIANTE PREGÃO ELETRÔNICO, CONFORME ESPECIFICAÇÃO CONTIDA NOS ANEXOS DESTE EDITAL.;04/12/2019;07/01/2020;Finalizada;Pregão;Nenhuma;Material Permanente;;R$0,00;R$41.192,34;"LOTE I ITEM DESCRIÇAO QUANT. TOTAL UNIDADE VALOR MÉDIO UNITÁRIO 01 PROJETOR MULTIMÍDIA 01 UNIDADE R$ 6.000,00 Especificação : projetor multimídia projetor, ref. equivalente ou de melhor qualidade: com resolução xga e brilho de 3500 lumens, para projeções mais claras e vibrantes, mesmo em ambientes iluminados. conectividade sem fio através de adaptador incluído, permitindo computadores, tablets e smartphones diretamente ao projetor. compatível com os padrões ieee 802.11b, ieee 802.11g e ieee802.11n com taxa de 130 mbps. aplicativoiprojection que permite projetar e controlar o projetor desde tablets ou smartphones usando este aplicativo gratuito. tecnologia 3lcd que proporciona valores idênticos de brilho em branco e em cores, garantindo projeções com cores mais naturais e vibrantes. resoluçãoxga de 1024 x 768 pixels que permite uma melhor visualização mesmo de pequenos caracteres. dispõe de 1 porta hdmi permitindo conectar diversos equipamentos e gerar imagens de alta qualidade. visualize e controle sua apresentação conectando o projetor ao computador através do cabo usb. lâmpada de longa duração que dura até 6.000 horas (modo econômico), permitindo custos de operação e manutenção muito mais baixos. controle remoto com função menu, modo de cor, pageup / pagedown, entre outros. (...) 02 TELA DE PROJEÇÃO. 01 UNIDADE R$ 1.000,00 Especificação : tela de projeção 2,10x1,50 c/tripé 4:3 ttm100va tt168 tes, diagonal (polegadas): 96´, área de projeção (a:b): 1940x1465 mm, largura do estojo (f): 2089 mm, com tripé, área total (cxd): 2037x2715 mm, altura do tripé (e): 930 mm 03 CAIXA DE SOM 02 UNIDADE R$ 1.380,00 Especificação : Caixa amplificada no mínimo 150 w/RMS, 01 alto-falante 12"", resposta de frequência: 80hz a 20khz. Drive Titânio 1"", Suporte tipo flange para pedestal, Proteção térmica e Limiter. Classe de amplificação AB. Entrada USB para mp3, Display LCD para unidade USB, Equalizador gráfico de 5 bandas, Entrada para microfone. Múltiplas conexões, conector RCA estéreo, (¼"" P-10) e XLR. Alimentação: 127V / 220V - chave seletora. 04 MICROFONE S/ FIO PROFISSIONAL DUPLO UHF 02 UNIDADE R$ 900,00 Especificação : Receptor R-302, - Frequência: 614~806MHz - Estabilidade de Frequência: = 0.005% - Saída Rf: -100dBm - Imagem de Rejeição Espelhada: = 45dB - Sinal/Ruído: = 95 dB - Distorção: = 0.5% - Nível de Saída de Áudio: = 1V (10K) - Alimentação: DC12V 500MA - Microfones de Mão Uhf-302 - Frequência 1: 685.8MHz / 690.3MHz - Frequência 2:/ 687.3MHz / 694.8MHz - Frequência de Estabilidade: 10ppm - Saída Rf: - Modulação: Fm - Desvio Máximo: ±75KHz - Emissão Simulada: = 40 dB - Alimentação: 3V (2 pilhas tamanho Aa) - Consumo de Corrente: 100mA - Ítens Inclusos - 1 Receptor R-302 - 2 Microfones de Mão Uhf-302 - 1 Cabo P10/P10 - 1 Fonte de Energia Bivolt - 1 Manual de Instruções - 1 Case de Transporte 05 COMPUTADOR DESKTOP C/ MONITOR 01 UNIDADE R$ 4.700,00 Especificação : Configuração mínima; processador intel core i3 8300 3.7ghz 8gb ddr4,133mhz ssd, 240gb, vídeo integrado, som integrado, rede integrado, hdmi, 4usb 3.0, 2usb 2.0, sistema operacional Windows 10 Professional, garantia de no mínimo 1 (um) ano. Monitor 24 polegadas hdmi/vga/display portfullhdledips, tempo de resposta 5ms portal usb lateral e traseira, alimentação 110v e 220v compativel com energy star, garantia de no mínimo 1 (um) ano. 06 NOTEBOOK 14"" 01 UNIDADE R$ 2.980,00 Especificação : Configuração mínima; processador Intel core i3 8130u 2.2ghz, 8gb ddr4 2133mhz, ssd 240gb, video integrado, som integrado, rede integrado, HDMI, 3usb 3.0 + 1usb 2.0, tela de 14"", sistema operacional Windows 10 Professional, garantia de no mínimo 1 (um) ano. 07 IMPRESSORA JATO DE TINTA 03 UNIDADE R$ 1.399,00 Especificação : Multifuncional 4 em 1: imprime, copia, digitaliza e fax Alto rendimento 4.500 páginas em preto e 7.500 páginas em cores² ADF de alta produtividade - 30 páginas | 4,5 ipm Conectividade completa: USB, Wi-Fi, Wi-Fi Direct, Ethernet 08 ARMÁRIO DE AÇO C/ 02 PORTAS 06 UNIDADE R$ 900,00 Especificação : Armário de aço 02 portas 04 prateleiras cor cinza - pintura eletrostática a pó antiferruginoso por fosfatização, chapa 26, capacidade mínimo 25 kg distribuído, fechadura yale, 02 maçanetas externas cromadas, portas de abrir, altura 1988 mm, largura 1200 mm, profundidade 450 mm, podendo variar as medidas em até 5% 09 GUARDA VOLUMES EM AÇO C/ 16 PORTAS 01 UNIDADE R$ 1.600,00 Especificação : Guarda Volume Em Aço Com 16 Portas Cinza Para Cadeado, Medidas Altura: 193 Cm, Largura: 138 Cm Profundidade: 40 Cm; Características - Totalmente Montável, Dispensa A Utilização De Parafusos - Com Pitão Para Cadeado (Cadeado Não Incluso) - Estrutura Chapa 24 E 26 (0,60mm E 0,45mm) - 16 Portas Com 1 Veneziana Para Ventilação E 1 Reforço Interno Por Porta - Capacidade Por Prateleira 15kg (Bem Distribuídos) - Itens De Série: - 32 Cabides De Nylon - 10 Pés Reguláveis Em Pvc - Pintura Eletrostática A Pó (Tinta Híbrida) Na Cor Cinza Cristal 10 KIT DE VIDEO MONITORAMENTO 01 UNIDADE R$ 2.840,00 Especificação : Kit 6 Câmeras de Segurança HD 720p + DVR Multi HD + Acessórios. Itens Inclusos: 01 - DVR Stand AloneMulti HD - 8 Canais 1080N HDCVI, HDTVI, AHD, ANALÓGICO + 2 Canais 5Mp IP 08- Câmera Bullet Infravermelho Multi HD 4 em 1 VHD 1010B G4 HD 720p 3,6mm - HDCVI, HDTVI, AHD, ANALÓGICO - 01 - Cabo Coaxial Flexível RF4mm + Bipolar 2x26 AWG, 85% Malha, Bobina 100m 01 - Fonte Chaveada 12V 10A, Ideal para CFTV?, 12 - Conector BNC Macho com Mola de parafuso, 06 - Conector P4 de Borne para Alimentação 12V 11 FOGÃO C/ 04 QUEIMADORES 01 UNIDADE R$ 850,00 Especificação : Fogão 4 bocas queimadores esmaltado com tampa de vidro 12 RÁDIO-COMUNICADOR 18 UNIDADE R$ 470,00 Especificação : Potência de Saída: 8W / 1W-Voltagem: 110V~220V (BIVOLT)-LED Vermelho: No Adaptador-Fonte da Base: 0.25A-Base para Recarregar a Bateria-Alerta de Bateria Fraca-Duração da Bateria: Até 3 horas com uso Contínuo-Memória: 128 Canais-Frequência: VHF 136-174MHz / UHF 400-520MHz-Programável por PC-Função Rádio FM: 65.0MHz ~ 108.0MHz; mínimas: faixa de frequência VHF 136 a 174 Mhz, número mínimo de 16 canais, operar no modo analógico e digital, classificação IP mínima de 54, espaçamento de canais 12,5/25 Khz, potência nominal de RF (mínima) 5 Watts, tensão da fonte de alimentação 7,5 V (nominal), sensibilidade analógica melhor ou igual a 0,30 uVe digital melhor ou igual a 0,25 uV, saída de áudio mínimo de 500 mW. Possuir proteção contra umidade, corrosão e vibrações mecânicas. Possuir selo junto a ANATEL. Operação para o modo digital do rádio com: envio de identificação automática (PTT-ID), envio de chamada de emergência, recebimento de alerta de chamada, chamadas em grupo e privada. Bateria em íons de lítio com capacidade mínima de 1380 mAh. Carregador de baterias 220/110 VCA automático. Deve acompanhar o produto: bateria, antena, carregador de bateria";MAX ELETRO E MAGAZINE EIRELI;02.347.734/0001-77;R$2.073,16;07/01/2020;http://www.tcm.ce.gov.br/licitacoes/index.php/licitacao/detalhes/proc/152241/licit/115511
2019;MOMBACA;004/2019INFR-PE;REGISTRO DE PREÇOS, CONSIGNADO EM ATA, PELO PRAZO DE 12 (DOZE) MESES, PARA FUTURA E EVENTUAL AQUISIÇÃO DE MATERIAL PERMANENTE E DE CONSUMO PARA SUPRIR AS NECESSIDADES DOS AGENTES DO DEMUTRAN, DE RESPONSABILIDADE DA SECRETARIA DE INFRAESTRUTURA DO MUNICÍPIO DE MOMBAÇA. MEDIANTE PREGÃO ELETRÔNICO, CONFORME ESPECIFICAÇÃO CONTIDA NOS ANEXOS DESTE EDITAL.;04/12/2019;07/01/2020;Finalizada;Pregão;Nenhuma;Material Permanente;;R$0,00;R$41.192,34;"06 NOTEBOOK 14"" 01 UNIDADE R$ 2.980,00 Especificação : Configuração mínima; processador Intel core i3 8130u 2.2ghz, 8gb ddr4 2133mhz, ssd 240gb, video integrado, som integrado, rede integrado, HDMI, 3usb 3.0 + 1usb 2.0, tela de 14"", sistema operacional Windows 10 Professional, garantia de no mínimo 1 (um) ano.";MAX ELETRO E MAGAZINE EIRELI;02.347.734/0001-77;R$2.980,00;07/01/2020;http://www.tcm.ce.gov.br/licitacoes/index.php/licitacao/detalhes/proc/152241/licit/115511
2019;MOMBACA;004/2019INFR-PE;REGISTRO DE PREÇOS, CONSIGNADO EM ATA, PELO PRAZO DE 12 (DOZE) MESES, PARA FUTURA E EVENTUAL AQUISIÇÃO DE MATERIAL PERMANENTE E DE CONSUMO PARA SUPRIR AS NECESSIDADES DOS AGENTES DO DEMUTRAN, DE RESPONSABILIDADE DA SECRETARIA DE INFRAESTRUTURA DO MUNICÍPIO DE MOMBAÇA. MEDIANTE PREGÃO ELETRÔNICO, CONFORME ESPECIFICAÇÃO CONTIDA NOS ANEXOS DESTE EDITAL.;04/12/2019;07/01/2020;Finalizada;Pregão;Nenhuma;Material Permanente;;R$0,00;R$41.192,34;"05 COMPUTADOR DESKTOP C/ MONITOR 01 UNIDADE R$ 4.700,00 Especificação : Configuração mínima; processador intel core i3 8300 3.7ghz 8gb ddr4,133mhz ssd, 240gb, vídeo integrado, som integrado, rede integrado, hdmi, 4usb 3.0, 2usb 2.0, sistema operacional Windows 10 Professional, garantia de no mínimo 1 (um) ano. Monitor 24 polegadas hdmi/vga/display portfullhdledips, tempo de resposta 5ms portal usb lateral e traseira, alimentação 110v e 220v compativel com energy star, garantia de no mínimo 1 (um) ano.";MAX ELETRO E MAGAZINE EIRELI;02.347.734/0001-77;R$4.433,40;07/01/2020;http://www.tcm.ce.gov.br/licitacoes/index.php/licitacao/detalhes/proc/152241/licit/115511
2019;MOMBACA;004/2019INFR-PE;REGISTRO DE PREÇOS, CONSIGNADO EM ATA, PELO PRAZO DE 12 (DOZE) MESES, PARA FUTURA E EVENTUAL AQUISIÇÃO DE MATERIAL PERMANENTE E DE CONSUMO PARA SUPRIR AS NECESSIDADES DOS AGENTES DO DEMUTRAN, DE RESPONSABILIDADE DA SECRETARIA DE INFRAESTRUTURA DO MUNICÍPIO DE MOMBAÇA. MEDIANTE PREGÃO ELETRÔNICO, CONFORME ESPECIFICAÇÃO CONTIDA NOS ANEXOS DESTE EDITAL.;04/12/2019;07/01/2020;Finalizada;Pregão;Nenhuma;Material Permanente;;R$0,00;R$41.192,34;"LOTE I ITEM DESCRIÇAO QUANT. TOTAL UNIDADE VALOR MÉDIO UNITÁRIO 01 PROJETOR MULTIMÍDIA 01 UNIDADE R$ 6.000,00 Especificação : projetor multimídia projetor, ref. equivalente ou de melhor qualidade: com resolução xga e brilho de 3500 lumens, para projeções mais claras e vibrantes, mesmo em ambientes iluminados. conectividade sem fio através de adaptador incluído, permitindo computadores, tablets e smartphones diretamente ao projetor. compatível com os padrões ieee 802.11b, ieee 802.11g e ieee802.11n com taxa de 130 mbps. aplicativoiprojection que permite projetar e controlar o projetor desde tablets ou smartphones usando este aplicativo gratuito. tecnologia 3lcd que proporciona valores idênticos de brilho em branco e em cores, garantindo projeções com cores mais naturais e vibrantes. resoluçãoxga de 1024 x 768 pixels que permite uma melhor visualização mesmo de pequenos caracteres. dispõe de 1 porta hdmi permitindo conectar diversos equipamentos e gerar imagens de alta qualidade. visualize e controle sua apresentação conectando o projetor ao computador através do cabo usb. lâmpada de longa duração que dura até 6.000 horas (modo econômico), permitindo custos de operação e manutenção muito mais baixos. controle remoto com função menu, modo de cor, pageup / pagedown, entre outros. (...) 02 TELA DE PROJEÇÃO. 01 UNIDADE R$ 1.000,00 Especificação : tela de projeção 2,10x1,50 c/tripé 4:3 ttm100va tt168 tes, diagonal (polegadas): 96´, área de projeção (a:b): 1940x1465 mm, largura do estojo (f): 2089 mm, com tripé, área total (cxd): 2037x2715 mm, altura do tripé (e): 930 mm 03 CAIXA DE SOM 02 UNIDADE R$ 1.380,00 Especificação : Caixa amplificada no mínimo 150 w/RMS, 01 alto-falante 12"", resposta de frequência: 80hz a 20khz. Drive Titânio 1"", Suporte tipo flange para pedestal, Proteção térmica e Limiter. Classe de amplificação AB. Entrada USB para mp3, Display LCD para unidade USB, Equalizador gráfico de 5 bandas, Entrada para microfone. Múltiplas conexões, conector RCA estéreo, (¼"" P-10) e XLR. Alimentação: 127V / 220V - chave seletora. 04 MICROFONE S/ FIO PROFISSIONAL DUPLO UHF 02 UNIDADE R$ 900,00 Especificação : Receptor R-302, - Frequência: 614~806MHz - Estabilidade de Frequência: = 0.005% - Saída Rf: -100dBm - Imagem de Rejeição Espelhada: = 45dB - Sinal/Ruído: = 95 dB - Distorção: = 0.5% - Nível de Saída de Áudio: = 1V (10K) - Alimentação: DC12V 500MA - Microfones de Mão Uhf-302 - Frequência 1: 685.8MHz / 690.3MHz - Frequência 2:/ 687.3MHz / 694.8MHz - Frequência de Estabilidade: 10ppm - Saída Rf: - Modulação: Fm - Desvio Máximo: ±75KHz - Emissão Simulada: = 40 dB - Alimentação: 3V (2 pilhas tamanho Aa) - Consumo de Corrente: 100mA - Ítens Inclusos - 1 Receptor R-302 - 2 Microfones de Mão Uhf-302 - 1 Cabo P10/P10 - 1 Fonte de Energia Bivolt - 1 Manual de Instruções - 1 Case de Transporte 05 COMPUTADOR DESKTOP C/ MONITOR 01 UNIDADE R$ 4.700,00 Especificação : Configuração mínima; processador intel core i3 8300 3.7ghz 8gb ddr4,133mhz ssd, 240gb, vídeo integrado, som integrado, rede integrado, hdmi, 4usb 3.0, 2usb 2.0, sistema operacional Windows 10 Professional, garantia de no mínimo 1 (um) ano. Monitor 24 polegadas hdmi/vga/display portfullhdledips, tempo de resposta 5ms portal usb lateral e traseira, alimentação 110v e 220v compativel com energy star, garantia de no mínimo 1 (um) ano. 06 NOTEBOOK 14"" 01 UNIDADE R$ 2.980,00 Especificação : Configuração mínima; processador Intel core i3 8130u 2.2ghz, 8gb ddr4 2133mhz, ssd 240gb, video integrado, som integrado, rede integrado, HDMI, 3usb 3.0 + 1usb 2.0, tela de 14"", sistema operacional Windows 10 Professional, garantia de no mínimo 1 (um) ano. 07 IMPRESSORA JATO DE TINTA 03 UNIDADE R$ 1.399,00 Especificação : Multifuncional 4 em 1: imprime, copia, digitaliza e fax Alto rendimento 4.500 páginas em preto e 7.500 páginas em cores² ADF de alta produtividade - 30 páginas | 4,5 ipm Conectividade completa: USB, Wi-Fi, Wi-Fi Direct, Ethernet 08 ARMÁRIO DE AÇO C/ 02 PORTAS 06 UNIDADE R$ 900,00 Especificação : Armário de aço 02 portas 04 prateleiras cor cinza - pintura eletrostática a pó antiferruginoso por fosfatização, chapa 26, capacidade mínimo 25 kg distribuído, fechadura yale, 02 maçanetas externas cromadas, portas de abrir, altura 1988 mm, largura 1200 mm, profundidade 450 mm, podendo variar as medidas em até 5% 09 GUARDA VOLUMES EM AÇO C/ 16 PORTAS 01 UNIDADE R$ 1.600,00 Especificação : Guarda Volume Em Aço Com 16 Portas Cinza Para Cadeado, Medidas Altura: 193 Cm, Largura: 138 Cm Profundidade: 40 Cm; Características - Totalmente Montável, Dispensa A Utilização De Parafusos - Com Pitão Para Cadeado (Cadeado Não Incluso) - Estrutura Chapa 24 E 26 (0,60mm E 0,45mm) - 16 Portas Com 1 Veneziana Para Ventilação E 1 Reforço Interno Por Porta - Capacidade Por Prateleira 15kg (Bem Distribuídos) - Itens De Série: - 32 Cabides De Nylon - 10 Pés Reguláveis Em Pvc - Pintura Eletrostática A Pó (Tinta Híbrida) Na Cor Cinza Cristal 10 KIT DE VIDEO MONITORAMENTO 01 UNIDADE R$ 2.840,00 Especificação : Kit 6 Câmeras de Segurança HD 720p + DVR Multi HD + Acessórios. Itens Inclusos: 01 - DVR Stand AloneMulti HD - 8 Canais 1080N HDCVI, HDTVI, AHD, ANALÓGICO + 2 Canais 5Mp IP 08- Câmera Bullet Infravermelho Multi HD 4 em 1 VHD 1010B G4 HD 720p 3,6mm - HDCVI, HDTVI, AHD, ANALÓGICO - 01 - Cabo Coaxial Flexível RF4mm + Bipolar 2x26 AWG, 85% Malha, Bobina 100m 01 - Fonte Chaveada 12V 10A, Ideal para CFTV?, 12 - Conector BNC Macho com Mola de parafuso, 06 - Conector P4 de Borne para Alimentação 12V 11 FOGÃO C/ 04 QUEIMADORES 01 UNIDADE R$ 850,00 Especificação : Fogão 4 bocas queimadores esmaltado com tampa de vidro 12 RÁDIO-COMUNICADOR 18 UNIDADE R$ 470,00 Especificação : Potência de Saída: 8W / 1W-Voltagem: 110V~220V (BIVOLT)-LED Vermelho: No Adaptador-Fonte da Base: 0.25A-Base para Recarregar a Bateria-Alerta de Bateria Fraca-Duração da Bateria: Até 3 horas com uso Contínuo-Memória: 128 Canais-Frequência: VHF 136-174MHz / UHF 400-520MHz-Programável por PC-Função Rádio FM: 65.0MHz ~ 108.0MHz; mínimas: faixa de frequência VHF 136 a 174 Mhz, número mínimo de 16 canais, operar no modo analógico e digital, classificação IP mínima de 54, espaçamento de canais 12,5/25 Khz, potência nominal de RF (mínima) 5 Watts, tensão da fonte de alimentação 7,5 V (nominal), sensibilidade analógica melhor ou igual a 0,30 uVe digital melhor ou igual a 0,25 uV, saída de áudio mínimo de 500 mW. Possuir proteção contra umidade, corrosão e vibrações mecânicas. Possuir selo junto a ANATEL. Operação para o modo digital do rádio com: envio de identificação automática (PTT-ID), envio de chamada de emergência, recebimento de alerta de chamada, chamadas em grupo e privada. Bateria em íons de lítio com capacidade mínima de 1380 mAh. Carregador de baterias 220/110 VCA automático. Deve acompanhar o produto: bateria, antena, carregador de bateria";MAX ELETRO E MAGAZINE EIRELI;02.347.734/0001-77;R$32.900,00;07/01/2020;http://www.tcm.ce.gov.br/licitacoes/index.php/licitacao/detalhes/proc/152241/licit/115511
2020;LAVRAS DA MANGABEIRA;2019.12.19.01;CONTRATAÇÃO PARA PRESTAÇÃO DOS SERVIÇOS DE MANUTENÇÃO CORRETIVA E PREVENTIVA DE IMPRESSORAS E COPIADORAS, PARA ATENDER AS NECESSIDADES DE DIVERSAS SECRETARIAS DO MUNICÍPIO DE LAVRAS DA MANGABEIRA-CE;20/01/2020;09/01/2020;Finalizada;Pregão;Nenhuma;Outros;33903900;R$83.656,00;R$83.656,00;ITEM 06 - CONTRATAÇÃO PARA PRESTAÇÃO DOS SERVIÇOS DE MANUTENÇÃO CORRETIVA E PREVENTIVA DE IMPRESSORAS E COPIADORAS, PARA ATENDER AS NECESSIDADES DA SECRETARIA DE AGRICULTURA E MEIO AMBIENTE: 01-BROTHER DCP 1617.;M.I.M. OLIVEIRA INFORMATICA - ME;11.546.448/0001-21;R$3.120,00;24/01/2020;http://www.tcm.ce.gov.br/licitacoes/index.php/licitacao/detalhes/proc/152339/licit/115577
2020;LAVRAS DA MANGABEIRA;2019.12.19.01;CONTRATAÇÃO PARA PRESTAÇÃO DOS SERVIÇOS DE MANUTENÇÃO CORRETIVA E PREVENTIVA DE IMPRESSORAS E COPIADORAS, PARA ATENDER AS NECESSIDADES DE DIVERSAS SECRETARIAS DO MUNICÍPIO DE LAVRAS DA MANGABEIRA-CE;20/01/2020;09/01/2020;Finalizada;Pregão;Nenhuma;Outros;33903900;R$83.656,00;R$83.656,00;"ITEM 05 - CONTRATAÇÃO PARA PRESTAÇÃO DOS SERVIÇOS DE MANUTENÇÃO CORRETIVA E PREVENTIVA DE IMPRESSORAS E COPIADORAS, PARA ATENDER AS NECESSIDADES DA SECRETARIA DO TRABALHO E ASSISTÊNCIA SOCIAL: 01-KYOCERA FS 6525; 01-KYOCERA FS 2040";M.I.M. OLIVEIRA INFORMATICA - ME;11.546.448/0001-21;R$10.200,00;24/01/2020;http://www.tcm.ce.gov.br/licitacoes/index.php/licitacao/detalhes/proc/152339/licit/115577
2020;LAVRAS DA MANGABEIRA;2019.12.19.01;CONTRATAÇÃO PARA PRESTAÇÃO DOS SERVIÇOS DE MANUTENÇÃO CORRETIVA E PREVENTIVA DE IMPRESSORAS E COPIADORAS, PARA ATENDER AS NECESSIDADES DE DIVERSAS SECRETARIAS DO MUNICÍPIO DE LAVRAS DA MANGABEIRA-CE;20/01/2020;09/01/2020;Finalizada;Pregão;Nenhuma;Outros;33903900;R$83.656,00;R$83.656,00;"ITEM 04 - CONTRATAÇÃO PARA PRESTAÇÃO DOS SERVIÇOS DE MANUTENÇÃO CORRETIVA E PREVENTIVA DE IMPRESSORAS E COPIADORAS, PARA ATENDER AS NECESSIDADES DA CONTROLADORIA GERAL DO MUNICIPIO: 01-KYOCERA FS 1124; 02-HP MPF 125/127.";M.I.M. OLIVEIRA INFORMATICA - ME;11.546.448/0001-21;R$11.880,00;24/01/2020;http://www.tcm.ce.gov.br/licitacoes/index.php/licitacao/detalhes/proc/152339/licit/115577
2020;LAVRAS DA MANGABEIRA;2019.12.19.01;CONTRATAÇÃO PARA PRESTAÇÃO DOS SERVIÇOS DE MANUTENÇÃO CORRETIVA E PREVENTIVA DE IMPRESSORAS E COPIADORAS, PARA ATENDER AS NECESSIDADES DE DIVERSAS SECRETARIAS DO MUNICÍPIO DE LAVRAS DA MANGABEIRA-CE;20/01/2020;09/01/2020;Finalizada;Pregão;Nenhuma;Outros;33903900;R$83.656,00;R$83.656,00;"ITEM 01 - CONTRATAÇÃO PARA PRESTAÇÃO DOS SERVIÇOS DE MANUTENÇÃO CORRETIVA E PREVENTIVA DE IMPRESSORAS E COPIADORAS, PARA ATENDER AS NECESSIDADES DA SECRETARIA DE SAÚDE: 01-KYOCERA FS 6525; 01-KYOCERA TASKALFA 180; 01-LEXMARK E 264.";M.I.M. OLIVEIRA INFORMATICA - ME;11.546.448/0001-21;R$16.140,00;24/01/2020;http://www.tcm.ce.gov.br/licitacoes/index.php/licitacao/detalhes/proc/152339/licit/115577
2020;LAVRAS DA MANGABEIRA;2019.12.19.01;CONTRATAÇÃO PARA PRESTAÇÃO DOS SERVIÇOS DE MANUTENÇÃO CORRETIVA E PREVENTIVA DE IMPRESSORAS E COPIADORAS, PARA ATENDER AS NECESSIDADES DE DIVERSAS SECRETARIAS DO MUNICÍPIO DE LAVRAS DA MANGABEIRA-CE;20/01/2020;09/01/2020;Finalizada;Pregão;Nenhuma;Outros;33903900;R$83.656,00;R$83.656,00;"ITEM 03 - CONTRATAÇÃO PARA PRESTAÇÃO DOS SERVIÇOS DE MANUTENÇÃO CORRETIVA E PREVENTIVA DE IMPRESSORAS E COPIADORAS, PARA ATENDER AS NECESSIDADES DA SECRETARIA DE ADMINISTRAÇÃO E FINANÇAS: 01-KYOCERA FS 6525; 01-KYOCERA FS 1124; 01-KYOCERA TASKALFA 180;";M.I.M. OLIVEIRA INFORMATICA - ME;11.546.448/0001-21;R$16.140,00;24/01/2020;http://www.tcm.ce.gov.br/licitacoes/index.php/licitacao/detalhes/proc/152339/licit/115577
2020;LAVRAS DA MANGABEIRA;2019.12.19.01;CONTRATAÇÃO PARA PRESTAÇÃO DOS SERVIÇOS DE MANUTENÇÃO CORRETIVA E PREVENTIVA DE IMPRESSORAS E COPIADORAS, PARA ATENDER AS NECESSIDADES DE DIVERSAS SECRETARIAS DO MUNICÍPIO DE LAVRAS DA MANGABEIRA-CE;20/01/2020;09/01/2020;Finalizada;Pregão;Nenhuma;Outros;33903900;R$83.656,00;R$83.656,00;"ITEM 02 - CONTRATAÇÃO PARA PRESTAÇÃO DOS SERVIÇOS DE MANUTENÇÃO CORRETIVA E PREVENTIVA DE IMPRESSORAS E COPIADORAS, PARA ATENDER AS NECESSIDADES DA SECRETARIA DE EDUCAÇÃO: 01-KYOCERA 6525; 01-KYOCERA KM 2035; 02- BROTHER OCP 1617.";M.I.M. OLIVEIRA INFORMATICA - ME;11.546.448/0001-21;R$18.720,00;24/01/2020;http://www.tcm.ce.gov.br/licitacoes/index.php/licitacao/detalhes/proc/152339/licit/115577
2020;BELA CRUZ;202001001-PP;CONTRATAÇÃO DE SERVIÇOS DE ASSESSORIA E CONSULTORIA NA ÁREA DE LICITAÇÕES E CONTRATOS PÚBLICOS DESTINADOS A ORIENTAR E ACOMPANHAR AS ATIVIDADES DA COMISSÃO DE LICITAÇÃO DA CÂMARA MUNICIPAL BELA CRUZ -CE;17/01/2020;23/01/2020;Finalizada;Pregão;Nenhuma;Consultoria e Assessoria;33903900;R$47.880,00;R$47.880,00;CONTRATAÇÃO DE SERVIÇOS DE ASSESSORIA E CONSULTORIA NA ÁREA DE LICITAÇÕES E CONTRATOS PÚBLICOS DESTINADOS A ORIENTAR E ACOMPANHAR AS ATIVIDADES DA COMISSÃO DE LICITAÇÃO DA CÂMARA MUNICIPAL BELA CRUZ -CE;F LOURENÇO ASSESSORIA ME;22.676.276/0001-27;R$45.600,00;23/01/2020;http://www.tcm.ce.gov.br/licitacoes/index.php/licitacao/detalhes/proc/153376/licit/116366
2020;CAUCAIA;2020.01.03.001;Prestação de Serviços Bancários, de acordo com os anexos Técnicos que compõem este Instrumento e demais especificações e quantitativos previstos neste edital, parte integrante deste processo.;17/01/2020;08/01/2020;Finalizada;Pregão;Nenhuma;Outros;;R$0,00;R$11.485.103,77;01 PRESTAÇÃO DE SERVIÇOS BANCÁRIOS, DE ACORDO COM OS ANEXOS TÉCNICOS QUE COMPÕEM ESTE INSTRUMENTO E DEMAIS ESPECIFICAÇÕES E QUANTITATIVOS PREVISTOS NESTE EDITAL 01;BANCO BRADESCO S/A;60.746.948/0001-12;R$14.360.000,00;24/01/2020;http://www.tcm.ce.gov.br/licitacoes/index.php/licitacao/detalhes/proc/152285/licit/115539
2020;CAUCAIA;2020.01.03.002;Registro de Preços para futuras e eventuais contratações de empresa especializada para licença do SOFTWARE (AUTOCARD) para atender as necessidades da Secretaria de Infraestrutura do Município de Caucaia/CE.;20/01/2020;08/01/2020;Finalizada;Pregão;Nenhuma;Outros;;R$0,00;R$188.318,97;1 Licenças do autocard – INCLUDING SPECIALEZED TOOLSETS PLANO DE 03 (três) ANOS. und 9;AX4B SISTEMAS DE INFORMÁTICA LTDA;22.233.581/0001-44;R$171.000,00;20/01/2020;http://www.tcm.ce.gov.br/licitacoes/index.php/licitacao/detalhes/proc/152289/licit/115542
2020;MASSAPE;2020.01.07.002;AQUISIÇÃO DE APARELHOS DE AR CONDICIONADOS, CONFORME TERMO DE COMPROMISSO PAR Nº 201303525 COM O MINISTÉRIO DA EDUCAÇÃO, PARA CLIMATIZAÇÃO DAS ESCOLAS DA REDE MUNICIPAL DE ENSINO, JUNTO A SECRETARIA DE EDUCAÇÃO DO MUNICÍPIO DE MASSAPÊ/CE.;21/01/2020;09/01/2020;Finalizada;Pregão;Nenhuma;Material Permanente;44905200;R$144.877,92;R$144.877,92;1 APARELHO DE AR CONDICIONADO 18.000 BTUS - MODELO SPLIT HIGH WALL (NORTE, NORDESTE E CENTRO-OESTE) UND 48;AGIL COMERCIO E DISTRIBUIDORA DE EQUIPAMENTOS EIRELI ME;30.607.801/0001-80;R$144.000,00;22/01/2020;http://www.tcm.ce.gov.br/licitacoes/index.php/licitacao/detalhes/proc/152348/licit/115585
2020;VARZEA ALEGRE;2020.01.07.1;Contratação de serviços especializados a serem prestados na realização da Jornada Pedagógica 2020 do Município de Várzea Alegre/CE, com os serviços de palestra, capacitação, formação de professores e desenvolvimento humano com técnicas de coaching, incluindo os serviços de decoração, mídias e alimentação, conforme especificações constantes no Instrumento Convocatório.;21/01/2020;09/01/2020;Finalizada;Pregão;Nenhuma;Outros;33903900;R$96.769,02;R$96.769,02;Contratação de serviços especializados a serem prestados na realização da Jornada Pedagógica 2020 do Município de Várzea Alegre/CE, com os serviços de palestra, capacitação, formação de professores e desenvolvimento humano com técnicas de coaching, incluindo os serviços de decoração, mídias e alimentação, conforme especificações constantes no Instrumento Convocatório.;CONVIDA TREIN. EM DESENV. PROF. E GER. EIRELI;08.272.030/0001-69;R$84.320,00;24/01/2020;http://www.tcm.ce.gov.br/licitacoes/index.php/licitacao/detalhes/proc/152326/licit/115565
2020;FRECHEIRINHA;2201201/2019;CONTRATAÇÃO DE SERVIÇOS ADMINISTRATIVOS TÉCNICOS ESPECIALIZADOS NA ÁREA DE LICITAÇÃO E CONTRATOS, COM ÊNFASE EM PREGÃO ELETRÔNICO E SISTEMA DE REGISTRO DE PREÇOS, DESTINADOS À PREFEITURA MUNICIPAL DE FRECHEIRINHA-CE.;07/01/2020;06/01/2020;Finalizada;Tomada de Preços;Nenhuma;Consultoria e Assessoria;33903900;R$162.000,00;R$178.245,00;ITEM ESPECIFICAÇÃO UND QTDE VR UNIT VR TOTAL 1 Serviços administrativos técnicos especializados na área de licitações e contratos, com ênfase em pregão eletrônico e sistema de registro de preços, compreendendo o acompanhamento e assistência na execução dos procedimentos inerentes às aquisições e contratações diretas previstas nas Lei nº 8.666/93 e nº 10520/2002, bem como na capacitação permanente dos membros da CPL, dos secretários da administração e de seus assessores técnicos, tendo destaque o planejamento das aquisições públicas e dispensa de licitação em razão do valor, fundamentada nos incisos I e II do art. 24 da Lei nº 8.666/93. Mês 12;LC2I SERVIÇOS ADMINISTRATIVOS ESPECIALIZADOS LTDA;17.822.915/0001-85;R$156.000,00;15/01/2020;http://www.tcm.ce.gov.br/licitacoes/index.php/licitacao/detalhes/proc/152179/licit/115455
2020;ARATUBA;2712.01/2019;AQUISIÇÃO DE COMBUSTÍVEIS, FILTROS DE ÓLEO, DE AR, ESTOPAS, GRAXAS, GLP E DERIVADOS EM GERAL DE PETRÓLEO, CONFORME ESPECIFICAÇÕES DO EDITAL E ANEXOS;14/01/2020;03/01/2020;Finalizada;Pregão;Nenhuma;Combustíveis/Lubrificantes/Derivados de Petróleo;33903000;R$2.299.964,17;R$2.333.030,87;03 UNID FILTRO DE ÓLEO CLASSIC SL GM;POSTO MENEZES ARATUBA LTDA - ME;15.051.291/0001-14;R$69,81;20/01/2020;http://www.tcm.ce.gov.br/licitacoes/index.php/licitacao/detalhes/proc/152111/licit/115416
2020;ARATUBA;2712.01/2019;AQUISIÇÃO DE COMBUSTÍVEIS, FILTROS DE ÓLEO, DE AR, ESTOPAS, GRAXAS, GLP E DERIVADOS EM GERAL DE PETRÓLEO, CONFORME ESPECIFICAÇÕES DO EDITAL E ANEXOS;14/01/2020;03/01/2020;Finalizada;Pregão;Nenhuma;Combustíveis/Lubrificantes/Derivados de Petróleo;33903000;R$2.299.964,17;R$2.333.030,87;03 UNID FILTRO DE COMBUSTÍVEL CLASSIC SL GM;POSTO MENEZES ARATUBA LTDA - ME;15.051.291/0001-14;R$75,00;20/01/2020;http://www.tcm.ce.gov.br/licitacoes/index.php/licitacao/detalhes/proc/152111/licit/115416
2020;ARATUBA;2712.01/2019;AQUISIÇÃO DE COMBUSTÍVEIS, FILTROS DE ÓLEO, DE AR, ESTOPAS, GRAXAS, GLP E DERIVADOS EM GERAL DE PETRÓLEO, CONFORME ESPECIFICAÇÕES DO EDITAL E ANEXOS;14/01/2020;03/01/2020;Finalizada;Pregão;Nenhuma;Combustíveis/Lubrificantes/Derivados de Petróleo;33903000;R$2.299.964,17;R$2.333.030,87;02 UNID FILTRO SEPARADOR D’ÁGUA IVECO;POSTO MENEZES ARATUBA LTDA - ME;15.051.291/0001-14;R$203,34;20/01/2020;http://www.tcm.ce.gov.br/licitacoes/index.php/licitacao/detalhes/proc/152111/licit/115416
2020;ARATUBA;2712.01/2019;AQUISIÇÃO DE COMBUSTÍVEIS, FILTROS DE ÓLEO, DE AR, ESTOPAS, GRAXAS, GLP E DERIVADOS EM GERAL DE PETRÓLEO, CONFORME ESPECIFICAÇÕES DO EDITAL E ANEXOS;14/01/2020;03/01/2020;Finalizada;Pregão;Nenhuma;Combustíveis/Lubrificantes/Derivados de Petróleo;33903000;R$2.299.964,17;R$2.333.030,87;02 UNID FILTRO SEPARADOR D’ÁGUA MACOPOLO/VOLARE;POSTO MENEZES ARATUBA LTDA - ME;15.051.291/0001-14;R$215,30;20/01/2020;http://www.tcm.ce.gov.br/licitacoes/index.php/licitacao/detalhes/proc/152111/licit/115416
2020;ARATUBA;2712.01/2019;AQUISIÇÃO DE COMBUSTÍVEIS, FILTROS DE ÓLEO, DE AR, ESTOPAS, GRAXAS, GLP E DERIVADOS EM GERAL DE PETRÓLEO, CONFORME ESPECIFICAÇÕES DO EDITAL E ANEXOS;14/01/2020;03/01/2020;Finalizada;Pregão;Nenhuma;Combustíveis/Lubrificantes/Derivados de Petróleo;33903000;R$2.299.964,17;R$2.333.030,87;08 UNID FILTRO DE ÓLEO FIAT DOBLO;POSTO MENEZES ARATUBA LTDA - ME;15.051.291/0001-14;R$240,00;20/01/2020;http://www.tcm.ce.gov.br/licitacoes/index.php/licitacao/detalhes/proc/152111/licit/115416
2020;ARATUBA;2712.01/2019;AQUISIÇÃO DE COMBUSTÍVEIS, FILTROS DE ÓLEO, DE AR, ESTOPAS, GRAXAS, GLP E DERIVADOS EM GERAL DE PETRÓLEO, CONFORME ESPECIFICAÇÕES DO EDITAL E ANEXOS;14/01/2020;03/01/2020;Finalizada;Pregão;Nenhuma;Combustíveis/Lubrificantes/Derivados de Petróleo;33903000;R$2.299.964,17;R$2.333.030,87;08 UNID. FILTRO DE COMBUSTÍVEL FIAT DOBLO;POSTO MENEZES ARATUBA LTDA - ME;15.051.291/0001-14;R$248,00;20/01/2020;http://www.tcm.ce.gov.br/licitacoes/index.php/licitacao/detalhes/proc/152111/licit/115416
2020;ARATUBA;2712.01/2019;AQUISIÇÃO DE COMBUSTÍVEIS, FILTROS DE ÓLEO, DE AR, ESTOPAS, GRAXAS, GLP E DERIVADOS EM GERAL DE PETRÓLEO, CONFORME ESPECIFICAÇÕES DO EDITAL E ANEXOS;14/01/2020;03/01/2020;Finalizada;Pregão;Nenhuma;Combustíveis/Lubrificantes/Derivados de Petróleo;33903000;R$2.299.964,17;R$2.333.030,87;03 UNID FILTRO DE ÓLEO IVECO;POSTO MENEZES ARATUBA LTDA - ME;15.051.291/0001-14;R$252,54;20/01/2020;http://www.tcm.ce.gov.br/licitacoes/index.php/licitacao/detalhes/proc/152111/licit/115416
2020;ARATUBA;2712.01/2019;AQUISIÇÃO DE COMBUSTÍVEIS, FILTROS DE ÓLEO, DE AR, ESTOPAS, GRAXAS, GLP E DERIVADOS EM GERAL DE PETRÓLEO, CONFORME ESPECIFICAÇÕES DO EDITAL E ANEXOS;14/01/2020;03/01/2020;Finalizada;Pregão;Nenhuma;Combustíveis/Lubrificantes/Derivados de Petróleo;33903000;R$2.299.964,17;R$2.333.030,87;03 UNID FILTRO DE ÓLEO ÔNIBUS MACOPOLO/VOLARE;POSTO MENEZES ARATUBA LTDA - ME;15.051.291/0001-14;R$296,01;20/01/2020;http://www.tcm.ce.gov.br/licitacoes/index.php/licitacao/detalhes/proc/152111/licit/115416
2020;ARATUBA;2712.01/2019;AQUISIÇÃO DE COMBUSTÍVEIS, FILTROS DE ÓLEO, DE AR, ESTOPAS, GRAXAS, GLP E DERIVADOS EM GERAL DE PETRÓLEO, CONFORME ESPECIFICAÇÕES DO EDITAL E ANEXOS;14/01/2020;03/01/2020;Finalizada;Pregão;Nenhuma;Combustíveis/Lubrificantes/Derivados de Petróleo;33903000;R$2.299.964,17;R$2.333.030,87;11 LITRO FILTRO DE ÓLEO PRA O VEÍCULO ETIOS;POSTO MENEZES ARATUBA LTDA - ME;15.051.291/0001-14;R$330,00;20/01/2020;http://www.tcm.ce.gov.br/licitacoes/index.php/licitacao/detalhes/proc/152111/licit/115416
2020;ARATUBA;2712.01/2019;AQUISIÇÃO DE COMBUSTÍVEIS, FILTROS DE ÓLEO, DE AR, ESTOPAS, GRAXAS, GLP E DERIVADOS EM GERAL DE PETRÓLEO, CONFORME ESPECIFICAÇÕES DO EDITAL E ANEXOS;14/01/2020;03/01/2020;Finalizada;Pregão;Nenhuma;Combustíveis/Lubrificantes/Derivados de Petróleo;33903000;R$2.299.964,17;R$2.333.030,87;03 UNID FILTRO DE AR ÔNIBUS MARCOPOLO / VOLARE;POSTO MENEZES ARATUBA LTDA - ME;15.051.291/0001-14;R$357,00;20/01/2020;http://www.tcm.ce.gov.br/licitacoes/index.php/licitacao/detalhes/proc/152111/licit/115416
2020;ARATUBA;2712.01/2019;AQUISIÇÃO DE COMBUSTÍVEIS, FILTROS DE ÓLEO, DE AR, ESTOPAS, GRAXAS, GLP E DERIVADOS EM GERAL DE PETRÓLEO, CONFORME ESPECIFICAÇÕES DO EDITAL E ANEXOS;14/01/2020;03/01/2020;Finalizada;Pregão;Nenhuma;Combustíveis/Lubrificantes/Derivados de Petróleo;33903000;R$2.299.964,17;R$2.333.030,87;05 UND FILTRO LUBRIFICANTE DO MOTOR MB926LA6CC;POSTO MENEZES ARATUBA LTDA - ME;15.051.291/0001-14;R$360,00;20/01/2020;http://www.tcm.ce.gov.br/licitacoes/index.php/licitacao/detalhes/proc/152111/licit/115416
2020;ARATUBA;2712.01/2019;AQUISIÇÃO DE COMBUSTÍVEIS, FILTROS DE ÓLEO, DE AR, ESTOPAS, GRAXAS, GLP E DERIVADOS EM GERAL DE PETRÓLEO, CONFORME ESPECIFICAÇÕES DO EDITAL E ANEXOS;14/01/2020;03/01/2020;Finalizada;Pregão;Nenhuma;Combustíveis/Lubrificantes/Derivados de Petróleo;33903000;R$2.299.964,17;R$2.333.030,87;03 UNID FILTRO DE COMBUSTÍVEL IVECO;POSTO MENEZES ARATUBA LTDA - ME;15.051.291/0001-14;R$393,00;20/01/2020;http://www.tcm.ce.gov.br/licitacoes/index.php/licitacao/detalhes/proc/152111/licit/115416
2020;ARATUBA;2712.01/2019;AQUISIÇÃO DE COMBUSTÍVEIS, FILTROS DE ÓLEO, DE AR, ESTOPAS, GRAXAS, GLP E DERIVADOS EM GERAL DE PETRÓLEO, CONFORME ESPECIFICAÇÕES DO EDITAL E ANEXOS;14/01/2020;03/01/2020;Finalizada;Pregão;Nenhuma;Combustíveis/Lubrificantes/Derivados de Petróleo;33903000;R$2.299.964,17;R$2.333.030,87;03 UNID FILTRO DE COMBUSTÍVEL ÔNIBUS MACOPOLO/VOLARE;POSTO MENEZES ARATUBA LTDA - ME;15.051.291/0001-14;R$417,00;20/01/2020;http://www.tcm.ce.gov.br/licitacoes/index.php/licitacao/detalhes/proc/152111/licit/115416
2020;ARATUBA;2712.01/2019;AQUISIÇÃO DE COMBUSTÍVEIS, FILTROS DE ÓLEO, DE AR, ESTOPAS, GRAXAS, GLP E DERIVADOS EM GERAL DE PETRÓLEO, CONFORME ESPECIFICAÇÕES DO EDITAL E ANEXOS;14/01/2020;03/01/2020;Finalizada;Pregão;Nenhuma;Combustíveis/Lubrificantes/Derivados de Petróleo;33903000;R$2.299.964,17;R$2.333.030,87;20 UNID FLUIDO DE FREIO DOT -4 FRASCO COM 500ML;POSTO MENEZES ARATUBA LTDA - ME;15.051.291/0001-14;R$430,00;20/01/2020;http://www.tcm.ce.gov.br/licitacoes/index.php/licitacao/detalhes/proc/152111/licit/115416
2020;ARATUBA;2712.01/2019;AQUISIÇÃO DE COMBUSTÍVEIS, FILTROS DE ÓLEO, DE AR, ESTOPAS, GRAXAS, GLP E DERIVADOS EM GERAL DE PETRÓLEO, CONFORME ESPECIFICAÇÕES DO EDITAL E ANEXOS;14/01/2020;03/01/2020;Finalizada;Pregão;Nenhuma;Combustíveis/Lubrificantes/Derivados de Petróleo;33903000;R$2.299.964,17;R$2.333.030,87;03 UNID FILTRO DE AR COM REFIL IVECO;POSTO MENEZES ARATUBA LTDA - ME;15.051.291/0001-14;R$521,70;20/01/2020;http://www.tcm.ce.gov.br/licitacoes/index.php/licitacao/detalhes/proc/152111/licit/115416
2020;ARATUBA;2712.01/2019;AQUISIÇÃO DE COMBUSTÍVEIS, FILTROS DE ÓLEO, DE AR, ESTOPAS, GRAXAS, GLP E DERIVADOS EM GERAL DE PETRÓLEO, CONFORME ESPECIFICAÇÕES DO EDITAL E ANEXOS;14/01/2020;03/01/2020;Finalizada;Pregão;Nenhuma;Combustíveis/Lubrificantes/Derivados de Petróleo;33903000;R$2.299.964,17;R$2.333.030,87;121 LITRO ÁGUA DESMINERALIZADA;POSTO MENEZES ARATUBA LTDA - ME;15.051.291/0001-14;R$544,00;20/01/2020;http://www.tcm.ce.gov.br/licitacoes/index.php/licitacao/detalhes/proc/152111/licit/115416
2020;ARATUBA;2712.01/2019;AQUISIÇÃO DE COMBUSTÍVEIS, FILTROS DE ÓLEO, DE AR, ESTOPAS, GRAXAS, GLP E DERIVADOS EM GERAL DE PETRÓLEO, CONFORME ESPECIFICAÇÕES DO EDITAL E ANEXOS;14/01/2020;03/01/2020;Finalizada;Pregão;Nenhuma;Combustíveis/Lubrificantes/Derivados de Petróleo;33903000;R$2.299.964,17;R$2.333.030,87;08 UNID FILTRO DE ÓLEO ÔNIBUS MB 15-19 OF;POSTO MENEZES ARATUBA LTDA - ME;15.051.291/0001-14;R$568,00;20/01/2020;http://www.tcm.ce.gov.br/licitacoes/index.php/licitacao/detalhes/proc/152111/licit/115416
2020;ARATUBA;2712.01/2019;AQUISIÇÃO DE COMBUSTÍVEIS, FILTROS DE ÓLEO, DE AR, ESTOPAS, GRAXAS, GLP E DERIVADOS EM GERAL DE PETRÓLEO, CONFORME ESPECIFICAÇÕES DO EDITAL E ANEXOS;14/01/2020;03/01/2020;Finalizada;Pregão;Nenhuma;Combustíveis/Lubrificantes/Derivados de Petróleo;33903000;R$2.299.964,17;R$2.333.030,87;06 UNID FILTRO SEPARADOR D’ÁGUA MB;POSTO MENEZES ARATUBA LTDA - ME;15.051.291/0001-14;R$654,66;20/01/2020;http://www.tcm.ce.gov.br/licitacoes/index.php/licitacao/detalhes/proc/152111/licit/115416
2020;ARATUBA;2712.01/2019;AQUISIÇÃO DE COMBUSTÍVEIS, FILTROS DE ÓLEO, DE AR, ESTOPAS, GRAXAS, GLP E DERIVADOS EM GERAL DE PETRÓLEO, CONFORME ESPECIFICAÇÕES DO EDITAL E ANEXOS;14/01/2020;03/01/2020;Finalizada;Pregão;Nenhuma;Combustíveis/Lubrificantes/Derivados de Petróleo;33903000;R$2.299.964,17;R$2.333.030,87;20 LITRO ÓLEO LUBRIFICANTE COMUM 10W - 40 (GASOLINA);POSTO MENEZES ARATUBA LTDA - ME;15.051.291/0001-14;R$660,00;20/01/2020;http://www.tcm.ce.gov.br/licitacoes/index.php/licitacao/detalhes/proc/152111/licit/115416
2020;ARATUBA;2712.01/2019;AQUISIÇÃO DE COMBUSTÍVEIS, FILTROS DE ÓLEO, DE AR, ESTOPAS, GRAXAS, GLP E DERIVADOS EM GERAL DE PETRÓLEO, CONFORME ESPECIFICAÇÕES DO EDITAL E ANEXOS;14/01/2020;03/01/2020;Finalizada;Pregão;Nenhuma;Combustíveis/Lubrificantes/Derivados de Petróleo;33903000;R$2.299.964,17;R$2.333.030,87;08 UNID FILTRO DE COMBUSTÍVEL ÔNIBUS MB 15-19 OF;POSTO MENEZES ARATUBA LTDA - ME;15.051.291/0001-14;R$752,00;20/01/2020;http://www.tcm.ce.gov.br/licitacoes/index.php/licitacao/detalhes/proc/152111/licit/115416
2020;ARATUBA;2712.01/2019;AQUISIÇÃO DE COMBUSTÍVEIS, FILTROS DE ÓLEO, DE AR, ESTOPAS, GRAXAS, GLP E DERIVADOS EM GERAL DE PETRÓLEO, CONFORME ESPECIFICAÇÕES DO EDITAL E ANEXOS;14/01/2020;03/01/2020;Finalizada;Pregão;Nenhuma;Combustíveis/Lubrificantes/Derivados de Petróleo;33903000;R$2.299.964,17;R$2.333.030,87;31 KG GRAXA LUBRIFICANTE – 1KG;POSTO MENEZES ARATUBA LTDA - ME;15.051.291/0001-14;R$775,00;20/01/2020;http://www.tcm.ce.gov.br/licitacoes/index.php/licitacao/detalhes/proc/152111/licit/115416
2020;ARATUBA;2712.01/2019;AQUISIÇÃO DE COMBUSTÍVEIS, FILTROS DE ÓLEO, DE AR, ESTOPAS, GRAXAS, GLP E DERIVADOS EM GERAL DE PETRÓLEO, CONFORME ESPECIFICAÇÕES DO EDITAL E ANEXOS;14/01/2020;03/01/2020;Finalizada;Pregão;Nenhuma;Combustíveis/Lubrificantes/Derivados de Petróleo;33903000;R$2.299.964,17;R$2.333.030,87;30 LITRO FLUIDO DE FREIO DOT -3;POSTO MENEZES ARATUBA LTDA - ME;15.051.291/0001-14;R$856,20;20/01/2020;http://www.tcm.ce.gov.br/licitacoes/index.php/licitacao/detalhes/proc/152111/licit/115416
2020;ARATUBA;2712.01/2019;AQUISIÇÃO DE COMBUSTÍVEIS, FILTROS DE ÓLEO, DE AR, ESTOPAS, GRAXAS, GLP E DERIVADOS EM GERAL DE PETRÓLEO, CONFORME ESPECIFICAÇÕES DO EDITAL E ANEXOS;14/01/2020;03/01/2020;Finalizada;Pregão;Nenhuma;Combustíveis/Lubrificantes/Derivados de Petróleo;33903000;R$2.299.964,17;R$2.333.030,87;10 UNID FILTRO ÓLEO ÔNIBUS VW 15190 / VW 15190 MAN;POSTO MENEZES ARATUBA LTDA - ME;15.051.291/0001-14;R$885,40;20/01/2020;http://www.tcm.ce.gov.br/licitacoes/index.php/licitacao/detalhes/proc/152111/licit/115416
2020;ARATUBA;2712.01/2019;AQUISIÇÃO DE COMBUSTÍVEIS, FILTROS DE ÓLEO, DE AR, ESTOPAS, GRAXAS, GLP E DERIVADOS EM GERAL DE PETRÓLEO, CONFORME ESPECIFICAÇÕES DO EDITAL E ANEXOS;14/01/2020;03/01/2020;Finalizada;Pregão;Nenhuma;Combustíveis/Lubrificantes/Derivados de Petróleo;33903000;R$2.299.964,17;R$2.333.030,87;15 GALÃO ÓLEO DE TRANSMISSÃO 68 – GALÃO DE 5L;POSTO MENEZES ARATUBA LTDA - ME;15.051.291/0001-14;R$906,00;20/01/2020;http://www.tcm.ce.gov.br/licitacoes/index.php/licitacao/detalhes/proc/152111/licit/115416
2020;ARATUBA;2712.01/2019;AQUISIÇÃO DE COMBUSTÍVEIS, FILTROS DE ÓLEO, DE AR, ESTOPAS, GRAXAS, GLP E DERIVADOS EM GERAL DE PETRÓLEO, CONFORME ESPECIFICAÇÕES DO EDITAL E ANEXOS;14/01/2020;03/01/2020;Finalizada;Pregão;Nenhuma;Combustíveis/Lubrificantes/Derivados de Petróleo;33903000;R$2.299.964,17;R$2.333.030,87;240 PACOTE ESTOPA BRANCA PARA POLIMENTO - PCT 60g;POSTO MENEZES ARATUBA LTDA - ME;15.051.291/0001-14;R$936,00;20/01/2020;http://www.tcm.ce.gov.br/licitacoes/index.php/licitacao/detalhes/proc/152111/licit/115416
2020;ARATUBA;2712.01/2019;AQUISIÇÃO DE COMBUSTÍVEIS, FILTROS DE ÓLEO, DE AR, ESTOPAS, GRAXAS, GLP E DERIVADOS EM GERAL DE PETRÓLEO, CONFORME ESPECIFICAÇÕES DO EDITAL E ANEXOS;14/01/2020;03/01/2020;Finalizada;Pregão;Nenhuma;Combustíveis/Lubrificantes/Derivados de Petróleo;33903000;R$2.299.964,17;R$2.333.030,87;40 LITRO LUBRIFICANTE DE TRANSMISSÃO 140;POSTO MENEZES ARATUBA LTDA - ME;15.051.291/0001-14;R$960,00;20/01/2020;http://www.tcm.ce.gov.br/licitacoes/index.php/licitacao/detalhes/proc/152111/licit/115416
2020;ARATUBA;2712.01/2019;AQUISIÇÃO DE COMBUSTÍVEIS, FILTROS DE ÓLEO, DE AR, ESTOPAS, GRAXAS, GLP E DERIVADOS EM GERAL DE PETRÓLEO, CONFORME ESPECIFICAÇÕES DO EDITAL E ANEXOS;14/01/2020;03/01/2020;Finalizada;Pregão;Nenhuma;Combustíveis/Lubrificantes/Derivados de Petróleo;33903000;R$2.299.964,17;R$2.333.030,87;30 LITRO FLUIDO DE FREIO DOT - 4;POSTO MENEZES ARATUBA LTDA - ME;15.051.291/0001-14;R$995,70;20/01/2020;http://www.tcm.ce.gov.br/licitacoes/index.php/licitacao/detalhes/proc/152111/licit/115416
2020;ARATUBA;2712.01/2019;AQUISIÇÃO DE COMBUSTÍVEIS, FILTROS DE ÓLEO, DE AR, ESTOPAS, GRAXAS, GLP E DERIVADOS EM GERAL DE PETRÓLEO, CONFORME ESPECIFICAÇÕES DO EDITAL E ANEXOS;14/01/2020;03/01/2020;Finalizada;Pregão;Nenhuma;Combustíveis/Lubrificantes/Derivados de Petróleo;33903000;R$2.299.964,17;R$2.333.030,87;40 LITRO ÓLEO LUBRIFICANTE 90;POSTO MENEZES ARATUBA LTDA - ME;15.051.291/0001-14;R$1.000,00;20/01/2020;http://www.tcm.ce.gov.br/licitacoes/index.php/licitacao/detalhes/proc/152111/licit/115416
2020;ARATUBA;2712.01/2019;AQUISIÇÃO DE COMBUSTÍVEIS, FILTROS DE ÓLEO, DE AR, ESTOPAS, GRAXAS, GLP E DERIVADOS EM GERAL DE PETRÓLEO, CONFORME ESPECIFICAÇÕES DO EDITAL E ANEXOS;14/01/2020;03/01/2020;Finalizada;Pregão;Nenhuma;Combustíveis/Lubrificantes/Derivados de Petróleo;33903000;R$2.299.964,17;R$2.333.030,87;12 UNID FILTRO DE COMBUSTÍVEL ÔNIBUS VW 15190 / VW 15190 MAN;POSTO MENEZES ARATUBA LTDA - ME;15.051.291/0001-14;R$1.011,96;20/01/2020;http://www.tcm.ce.gov.br/licitacoes/index.php/licitacao/detalhes/proc/152111/licit/115416
2020;ARATUBA;2712.01/2019;AQUISIÇÃO DE COMBUSTÍVEIS, FILTROS DE ÓLEO, DE AR, ESTOPAS, GRAXAS, GLP E DERIVADOS EM GERAL DE PETRÓLEO, CONFORME ESPECIFICAÇÕES DO EDITAL E ANEXOS;14/01/2020;03/01/2020;Finalizada;Pregão;Nenhuma;Combustíveis/Lubrificantes/Derivados de Petróleo;33903000;R$2.299.964,17;R$2.333.030,87;40 LITRO ÓLEO 10 W 30 (MOTO);POSTO MENEZES ARATUBA LTDA - ME;15.051.291/0001-14;R$1.040,00;20/01/2020;http://www.tcm.ce.gov.br/licitacoes/index.php/licitacao/detalhes/proc/152111/licit/115416
2020;ARATUBA;2712.01/2019;AQUISIÇÃO DE COMBUSTÍVEIS, FILTROS DE ÓLEO, DE AR, ESTOPAS, GRAXAS, GLP E DERIVADOS EM GERAL DE PETRÓLEO, CONFORME ESPECIFICAÇÕES DO EDITAL E ANEXOS;14/01/2020;03/01/2020;Finalizada;Pregão;Nenhuma;Combustíveis/Lubrificantes/Derivados de Petróleo;33903000;R$2.299.964,17;R$2.333.030,87;71 LITRO DESENGRIPANTE;POSTO MENEZES ARATUBA LTDA - ME;15.051.291/0001-14;R$1.065,00;20/01/2020;http://www.tcm.ce.gov.br/licitacoes/index.php/licitacao/detalhes/proc/152111/licit/115416
2020;ARATUBA;2712.01/2019;AQUISIÇÃO DE COMBUSTÍVEIS, FILTROS DE ÓLEO, DE AR, ESTOPAS, GRAXAS, GLP E DERIVADOS EM GERAL DE PETRÓLEO, CONFORME ESPECIFICAÇÕES DO EDITAL E ANEXOS;14/01/2020;03/01/2020;Finalizada;Pregão;Nenhuma;Combustíveis/Lubrificantes/Derivados de Petróleo;33903000;R$2.299.964,17;R$2.333.030,87;50 LITRO ÓLEO DIFERENCIAL 85W90;POSTO MENEZES ARATUBA LTDA - ME;15.051.291/0001-14;R$1.250,00;20/01/2020;http://www.tcm.ce.gov.br/licitacoes/index.php/licitacao/detalhes/proc/152111/licit/115416
2020;ARATUBA;2712.01/2019;AQUISIÇÃO DE COMBUSTÍVEIS, FILTROS DE ÓLEO, DE AR, ESTOPAS, GRAXAS, GLP E DERIVADOS EM GERAL DE PETRÓLEO, CONFORME ESPECIFICAÇÕES DO EDITAL E ANEXOS;14/01/2020;03/01/2020;Finalizada;Pregão;Nenhuma;Combustíveis/Lubrificantes/Derivados de Petróleo;33903000;R$2.299.964,17;R$2.333.030,87;08 UNID FILTRO SEPARADOR D’ÁGUA VW MAN;POSTO MENEZES ARATUBA LTDA - ME;15.051.291/0001-14;R$1.257,52;20/01/2020;http://www.tcm.ce.gov.br/licitacoes/index.php/licitacao/detalhes/proc/152111/licit/115416
2020;ARATUBA;2712.01/2019;AQUISIÇÃO DE COMBUSTÍVEIS, FILTROS DE ÓLEO, DE AR, ESTOPAS, GRAXAS, GLP E DERIVADOS EM GERAL DE PETRÓLEO, CONFORME ESPECIFICAÇÕES DO EDITAL E ANEXOS;14/01/2020;03/01/2020;Finalizada;Pregão;Nenhuma;Combustíveis/Lubrificantes/Derivados de Petróleo;33903000;R$2.299.964,17;R$2.333.030,87;03 GALÃO ÓLEO MOTOR W 40 (GALÃO COM 20);POSTO MENEZES ARATUBA LTDA - ME;15.051.291/0001-14;R$1.313,01;20/01/2020;http://www.tcm.ce.gov.br/licitacoes/index.php/licitacao/detalhes/proc/152111/licit/115416
2020;ARATUBA;2712.01/2019;AQUISIÇÃO DE COMBUSTÍVEIS, FILTROS DE ÓLEO, DE AR, ESTOPAS, GRAXAS, GLP E DERIVADOS EM GERAL DE PETRÓLEO, CONFORME ESPECIFICAÇÕES DO EDITAL E ANEXOS;14/01/2020;03/01/2020;Finalizada;Pregão;Nenhuma;Combustíveis/Lubrificantes/Derivados de Petróleo;33903000;R$2.299.964,17;R$2.333.030,87;91 LITRO ADITIVO PARA RADIADOR;POSTO MENEZES ARATUBA LTDA - ME;15.051.291/0001-14;R$1.456,00;20/01/2020;http://www.tcm.ce.gov.br/licitacoes/index.php/licitacao/detalhes/proc/152111/licit/115416
2020;ARATUBA;2712.01/2019;AQUISIÇÃO DE COMBUSTÍVEIS, FILTROS DE ÓLEO, DE AR, ESTOPAS, GRAXAS, GLP E DERIVADOS EM GERAL DE PETRÓLEO, CONFORME ESPECIFICAÇÕES DO EDITAL E ANEXOS;14/01/2020;03/01/2020;Finalizada;Pregão;Nenhuma;Combustíveis/Lubrificantes/Derivados de Petróleo;33903000;R$2.299.964,17;R$2.333.030,87;20 UNID FILTRO DE COMBUSTÍVEL VW 15-190 / VW 15190 MWM;POSTO MENEZES ARATUBA LTDA - ME;15.051.291/0001-14;R$1.740,00;20/01/2020;http://www.tcm.ce.gov.br/licitacoes/index.php/licitacao/detalhes/proc/152111/licit/115416
2020;ARATUBA;2712.01/2019;AQUISIÇÃO DE COMBUSTÍVEIS, FILTROS DE ÓLEO, DE AR, ESTOPAS, GRAXAS, GLP E DERIVADOS EM GERAL DE PETRÓLEO, CONFORME ESPECIFICAÇÕES DO EDITAL E ANEXOS;14/01/2020;03/01/2020;Finalizada;Pregão;Nenhuma;Combustíveis/Lubrificantes/Derivados de Petróleo;33903000;R$2.299.964,17;R$2.333.030,87;80 LITRO ÓLEO LUBRIFICANTE COMUM 20W-50 (GASOLINA);POSTO MENEZES ARATUBA LTDA - ME;15.051.291/0001-14;R$1.840,00;20/01/2020;http://www.tcm.ce.gov.br/licitacoes/index.php/licitacao/detalhes/proc/152111/licit/115416
2020;ARATUBA;2712.01/2019;AQUISIÇÃO DE COMBUSTÍVEIS, FILTROS DE ÓLEO, DE AR, ESTOPAS, GRAXAS, GLP E DERIVADOS EM GERAL DE PETRÓLEO, CONFORME ESPECIFICAÇÕES DO EDITAL E ANEXOS;14/01/2020;03/01/2020;Finalizada;Pregão;Nenhuma;Combustíveis/Lubrificantes/Derivados de Petróleo;33903000;R$2.299.964,17;R$2.333.030,87;10 UNID FILTRO DE AR COM REFIL MB 15 - 19 OF;POSTO MENEZES ARATUBA LTDA - ME;15.051.291/0001-14;R$1.890,00;20/01/2020;http://www.tcm.ce.gov.br/licitacoes/index.php/licitacao/detalhes/proc/152111/licit/115416
2020;ARATUBA;2712.01/2019;AQUISIÇÃO DE COMBUSTÍVEIS, FILTROS DE ÓLEO, DE AR, ESTOPAS, GRAXAS, GLP E DERIVADOS EM GERAL DE PETRÓLEO, CONFORME ESPECIFICAÇÕES DO EDITAL E ANEXOS;14/01/2020;03/01/2020;Finalizada;Pregão;Nenhuma;Combustíveis/Lubrificantes/Derivados de Petróleo;33903000;R$2.299.964,17;R$2.333.030,87;90 UNID FLUIDO PARA TRANSMISSÃO ATF;POSTO MENEZES ARATUBA LTDA - ME;15.051.291/0001-14;R$2.160,00;20/01/2020;http://www.tcm.ce.gov.br/licitacoes/index.php/licitacao/detalhes/proc/152111/licit/115416
2020;ARATUBA;2712.01/2019;AQUISIÇÃO DE COMBUSTÍVEIS, FILTROS DE ÓLEO, DE AR, ESTOPAS, GRAXAS, GLP E DERIVADOS EM GERAL DE PETRÓLEO, CONFORME ESPECIFICAÇÕES DO EDITAL E ANEXOS;14/01/2020;03/01/2020;Finalizada;Pregão;Nenhuma;Combustíveis/Lubrificantes/Derivados de Petróleo;33903000;R$2.299.964,17;R$2.333.030,87;30 UNID FILTRO DE ÓLEO VW 15-190 / VW 15190 MOTOR MWM;POSTO MENEZES ARATUBA LTDA - ME;15.051.291/0001-14;R$2.210,10;20/01/2020;http://www.tcm.ce.gov.br/licitacoes/index.php/licitacao/detalhes/proc/152111/licit/115416
2020;ARATUBA;2712.01/2019;AQUISIÇÃO DE COMBUSTÍVEIS, FILTROS DE ÓLEO, DE AR, ESTOPAS, GRAXAS, GLP E DERIVADOS EM GERAL DE PETRÓLEO, CONFORME ESPECIFICAÇÕES DO EDITAL E ANEXOS;14/01/2020;03/01/2020;Finalizada;Pregão;Nenhuma;Combustíveis/Lubrificantes/Derivados de Petróleo;33903000;R$2.299.964,17;R$2.333.030,87;18 UNID FILTRO SEPARADOR D’ÁGUA VW MWM;POSTO MENEZES ARATUBA LTDA - ME;15.051.291/0001-14;R$2.304,00;20/01/2020;http://www.tcm.ce.gov.br/licitacoes/index.php/licitacao/detalhes/proc/152111/licit/115416
2020;ARATUBA;2712.01/2019;AQUISIÇÃO DE COMBUSTÍVEIS, FILTROS DE ÓLEO, DE AR, ESTOPAS, GRAXAS, GLP E DERIVADOS EM GERAL DE PETRÓLEO, CONFORME ESPECIFICAÇÕES DO EDITAL E ANEXOS;14/01/2020;03/01/2020;Finalizada;Pregão;Nenhuma;Combustíveis/Lubrificantes/Derivados de Petróleo;33903000;R$2.299.964,17;R$2.333.030,87;05 GALÃO ÓLEO CONVERSOR W50 - GALÃO COM 20 LT;POSTO MENEZES ARATUBA LTDA - ME;15.051.291/0001-14;R$2.385,00;20/01/2020;http://www.tcm.ce.gov.br/licitacoes/index.php/licitacao/detalhes/proc/152111/licit/115416
2020;ARATUBA;2712.01/2019;AQUISIÇÃO DE COMBUSTÍVEIS, FILTROS DE ÓLEO, DE AR, ESTOPAS, GRAXAS, GLP E DERIVADOS EM GERAL DE PETRÓLEO, CONFORME ESPECIFICAÇÕES DO EDITAL E ANEXOS;14/01/2020;03/01/2020;Finalizada;Pregão;Nenhuma;Combustíveis/Lubrificantes/Derivados de Petróleo;33903000;R$2.299.964,17;R$2.333.030,87;150 LITRO ÓLEO LUBRIFICANTE COMUM 15W – 40 (GASOLINA);POSTO MENEZES ARATUBA LTDA - ME;15.051.291/0001-14;R$3.375,00;20/01/2020;http://www.tcm.ce.gov.br/licitacoes/index.php/licitacao/detalhes/proc/152111/licit/115416
2020;ARATUBA;2712.01/2019;AQUISIÇÃO DE COMBUSTÍVEIS, FILTROS DE ÓLEO, DE AR, ESTOPAS, GRAXAS, GLP E DERIVADOS EM GERAL DE PETRÓLEO, CONFORME ESPECIFICAÇÕES DO EDITAL E ANEXOS;14/01/2020;03/01/2020;Finalizada;Pregão;Nenhuma;Combustíveis/Lubrificantes/Derivados de Petróleo;33903000;R$2.299.964,17;R$2.333.030,87;151 LITRO ÓLEO DE TRANSMISSAO - ATF;POSTO MENEZES ARATUBA LTDA - ME;15.051.291/0001-14;R$3.624,00;20/01/2020;http://www.tcm.ce.gov.br/licitacoes/index.php/licitacao/detalhes/proc/152111/licit/115416
2020;ARATUBA;2712.01/2019;AQUISIÇÃO DE COMBUSTÍVEIS, FILTROS DE ÓLEO, DE AR, ESTOPAS, GRAXAS, GLP E DERIVADOS EM GERAL DE PETRÓLEO, CONFORME ESPECIFICAÇÕES DO EDITAL E ANEXOS;14/01/2020;03/01/2020;Finalizada;Pregão;Nenhuma;Combustíveis/Lubrificantes/Derivados de Petróleo;33903000;R$2.299.964,17;R$2.333.030,87;250 UNID FLUIDO DE FREIO – FRASCO 500ML;POSTO MENEZES ARATUBA LTDA - ME;15.051.291/0001-14;R$4.250,00;20/01/2020;http://www.tcm.ce.gov.br/licitacoes/index.php/licitacao/detalhes/proc/152111/licit/115416
2020;ARATUBA;2712.01/2019;AQUISIÇÃO DE COMBUSTÍVEIS, FILTROS DE ÓLEO, DE AR, ESTOPAS, GRAXAS, GLP E DERIVADOS EM GERAL DE PETRÓLEO, CONFORME ESPECIFICAÇÕES DO EDITAL E ANEXOS;14/01/2020;03/01/2020;Finalizada;Pregão;Nenhuma;Combustíveis/Lubrificantes/Derivados de Petróleo;33903000;R$2.299.964,17;R$2.333.030,87;50 GALÃO ADITIVO ARLA 32 - GALÃO DE 20 L;POSTO MENEZES ARATUBA LTDA - ME;15.051.291/0001-14;R$4.600,00;20/01/2020;http://www.tcm.ce.gov.br/licitacoes/index.php/licitacao/detalhes/proc/152111/licit/115416
2020;ARATUBA;2712.01/2019;AQUISIÇÃO DE COMBUSTÍVEIS, FILTROS DE ÓLEO, DE AR, ESTOPAS, GRAXAS, GLP E DERIVADOS EM GERAL DE PETRÓLEO, CONFORME ESPECIFICAÇÕES DO EDITAL E ANEXOS;14/01/2020;03/01/2020;Finalizada;Pregão;Nenhuma;Combustíveis/Lubrificantes/Derivados de Petróleo;33903000;R$2.299.964,17;R$2.333.030,87;35 UNID FILTRO DE AR ÔNIBUS VW 15190/ VW 15190;POSTO MENEZES ARATUBA LTDA - ME;15.051.291/0001-14;R$5.040,00;20/01/2020;http://www.tcm.ce.gov.br/licitacoes/index.php/licitacao/detalhes/proc/152111/licit/115416
2020;ARATUBA;2712.01/2019;AQUISIÇÃO DE COMBUSTÍVEIS, FILTROS DE ÓLEO, DE AR, ESTOPAS, GRAXAS, GLP E DERIVADOS EM GERAL DE PETRÓLEO, CONFORME ESPECIFICAÇÕES DO EDITAL E ANEXOS;14/01/2020;03/01/2020;Finalizada;Pregão;Nenhuma;Combustíveis/Lubrificantes/Derivados de Petróleo;33903000;R$2.299.964,17;R$2.333.030,87;15 GALÃO ÓLEO CONVERSOR 10W30 – BALDE 20 L;POSTO MENEZES ARATUBA LTDA - ME;15.051.291/0001-14;R$6.705,00;20/01/2020;http://www.tcm.ce.gov.br/licitacoes/index.php/licitacao/detalhes/proc/152111/licit/115416
2020;ARATUBA;2712.01/2019;AQUISIÇÃO DE COMBUSTÍVEIS, FILTROS DE ÓLEO, DE AR, ESTOPAS, GRAXAS, GLP E DERIVADOS EM GERAL DE PETRÓLEO, CONFORME ESPECIFICAÇÕES DO EDITAL E ANEXOS;14/01/2020;03/01/2020;Finalizada;Pregão;Nenhuma;Combustíveis/Lubrificantes/Derivados de Petróleo;33903000;R$2.299.964,17;R$2.333.030,87;25 BALDE GRAXA LUBRIFICANTE BALDE 20 KG;POSTO MENEZES ARATUBA LTDA - ME;15.051.291/0001-14;R$6.950,00;20/01/2020;http://www.tcm.ce.gov.br/licitacoes/index.php/licitacao/detalhes/proc/152111/licit/115416
2020;ARATUBA;2712.01/2019;AQUISIÇÃO DE COMBUSTÍVEIS, FILTROS DE ÓLEO, DE AR, ESTOPAS, GRAXAS, GLP E DERIVADOS EM GERAL DE PETRÓLEO, CONFORME ESPECIFICAÇÕES DO EDITAL E ANEXOS;14/01/2020;03/01/2020;Finalizada;Pregão;Nenhuma;Combustíveis/Lubrificantes/Derivados de Petróleo;33903000;R$2.299.964,17;R$2.333.030,87;20 GALÃO ÓLEO DIFERENCIAL COMUM 10W-30 TAMBOR 20 LTS;POSTO MENEZES ARATUBA LTDA - ME;15.051.291/0001-14;R$8.400,00;20/01/2020;http://www.tcm.ce.gov.br/licitacoes/index.php/licitacao/detalhes/proc/152111/licit/115416
2020;ARATUBA;2712.01/2019;AQUISIÇÃO DE COMBUSTÍVEIS, FILTROS DE ÓLEO, DE AR, ESTOPAS, GRAXAS, GLP E DERIVADOS EM GERAL DE PETRÓLEO, CONFORME ESPECIFICAÇÕES DO EDITAL E ANEXOS;14/01/2020;03/01/2020;Finalizada;Pregão;Nenhuma;Combustíveis/Lubrificantes/Derivados de Petróleo;33903000;R$2.299.964,17;R$2.333.030,87;65 BALDE GRAXA (LUBRIFICANTE) BALDE 10KG;POSTO MENEZES ARATUBA LTDA - ME;15.051.291/0001-14;R$9.295,00;20/01/2020;http://www.tcm.ce.gov.br/licitacoes/index.php/licitacao/detalhes/proc/152111/licit/115416
2020;ARATUBA;2712.01/2019;AQUISIÇÃO DE COMBUSTÍVEIS, FILTROS DE ÓLEO, DE AR, ESTOPAS, GRAXAS, GLP E DERIVADOS EM GERAL DE PETRÓLEO, CONFORME ESPECIFICAÇÕES DO EDITAL E ANEXOS;14/01/2020;03/01/2020;Finalizada;Pregão;Nenhuma;Combustíveis/Lubrificantes/Derivados de Petróleo;33903000;R$2.299.964,17;R$2.333.030,87;400 LITRO ÓLEO LUBRIFICANTE SEMISSINTÉTICO 10W40 (GASOLINA);POSTO MENEZES ARATUBA LTDA - ME;15.051.291/0001-14;R$13.600,00;20/01/2020;http://www.tcm.ce.gov.br/licitacoes/index.php/licitacao/detalhes/proc/152111/licit/115416
2020;ARATUBA;2712.01/2019;AQUISIÇÃO DE COMBUSTÍVEIS, FILTROS DE ÓLEO, DE AR, ESTOPAS, GRAXAS, GLP E DERIVADOS EM GERAL DE PETRÓLEO, CONFORME ESPECIFICAÇÕES DO EDITAL E ANEXOS;14/01/2020;03/01/2020;Finalizada;Pregão;Nenhuma;Combustíveis/Lubrificantes/Derivados de Petróleo;33903000;R$2.299.964,17;R$2.333.030,87;670 LITRO ÓLEO LUBRIFICANTE SEMISSINTÉTICO 15W40 (GASOLINA);POSTO MENEZES ARATUBA LTDA - ME;15.051.291/0001-14;R$15.075,00;20/01/2020;http://www.tcm.ce.gov.br/licitacoes/index.php/licitacao/detalhes/proc/152111/licit/115416
2020;ARATUBA;2712.01/2019;AQUISIÇÃO DE COMBUSTÍVEIS, FILTROS DE ÓLEO, DE AR, ESTOPAS, GRAXAS, GLP E DERIVADOS EM GERAL DE PETRÓLEO, CONFORME ESPECIFICAÇÕES DO EDITAL E ANEXOS;14/01/2020;03/01/2020;Finalizada;Pregão;Nenhuma;Combustíveis/Lubrificantes/Derivados de Petróleo;33903000;R$2.299.964,17;R$2.333.030,87;350 UNID ÓLEO HIDRÁULICO IS0 68 – BALDE 5 LITROS;POSTO MENEZES ARATUBA LTDA - ME;15.051.291/0001-14;R$21.140,00;20/01/2020;http://www.tcm.ce.gov.br/licitacoes/index.php/licitacao/detalhes/proc/152111/licit/115416
2020;ARATUBA;2712.01/2019;AQUISIÇÃO DE COMBUSTÍVEIS, FILTROS DE ÓLEO, DE AR, ESTOPAS, GRAXAS, GLP E DERIVADOS EM GERAL DE PETRÓLEO, CONFORME ESPECIFICAÇÕES DO EDITAL E ANEXOS;14/01/2020;03/01/2020;Finalizada;Pregão;Nenhuma;Combustíveis/Lubrificantes/Derivados de Petróleo;33903000;R$2.299.964,17;R$2.333.030,87;1396 LITRO ÓLEO LUBRIFICANTE COMUM 15W – 40 (DIESEL);POSTO MENEZES ARATUBA LTDA - ME;15.051.291/0001-14;R$32.108,00;20/01/2020;http://www.tcm.ce.gov.br/licitacoes/index.php/licitacao/detalhes/proc/152111/licit/115416
2020;ARATUBA;2712.01/2019;AQUISIÇÃO DE COMBUSTÍVEIS, FILTROS DE ÓLEO, DE AR, ESTOPAS, GRAXAS, GLP E DERIVADOS EM GERAL DE PETRÓLEO, CONFORME ESPECIFICAÇÕES DO EDITAL E ANEXOS;14/01/2020;03/01/2020;Finalizada;Pregão;Nenhuma;Combustíveis/Lubrificantes/Derivados de Petróleo;33903000;R$2.299.964,17;R$2.333.030,87;105000 LITRO ÓLEO DIESEL COMUM;POSTO MENEZES ARATUBA LTDA - ME;15.051.291/0001-14;R$415.800,00;20/01/2020;http://www.tcm.ce.gov.br/licitacoes/index.php/licitacao/detalhes/proc/152111/licit/115416
2020;ARATUBA;2712.01/2019;AQUISIÇÃO DE COMBUSTÍVEIS, FILTROS DE ÓLEO, DE AR, ESTOPAS, GRAXAS, GLP E DERIVADOS EM GERAL DE PETRÓLEO, CONFORME ESPECIFICAÇÕES DO EDITAL E ANEXOS;14/01/2020;03/01/2020;Finalizada;Pregão;Nenhuma;Combustíveis/Lubrificantes/Derivados de Petróleo;33903000;R$2.299.964,17;R$2.333.030,87;172500 LITRO ÓLEO DIESEL S 10;POSTO MENEZES ARATUBA LTDA - ME;15.051.291/0001-14;R$703.800,00;20/01/2020;http://www.tcm.ce.gov.br/licitacoes/index.php/licitacao/detalhes/proc/152111/licit/115416
2020;ARATUBA;2712.01/2019;AQUISIÇÃO DE COMBUSTÍVEIS, FILTROS DE ÓLEO, DE AR, ESTOPAS, GRAXAS, GLP E DERIVADOS EM GERAL DE PETRÓLEO, CONFORME ESPECIFICAÇÕES DO EDITAL E ANEXOS;14/01/2020;03/01/2020;Finalizada;Pregão;Nenhuma;Combustíveis/Lubrificantes/Derivados de Petróleo;33903000;R$2.299.964,17;R$2.333.030,87;205000 LITRO GASOLINA COMUM;POSTO MENEZES ARATUBA LTDA - ME;15.051.291/0001-14;R$992.200,00;20/01/2020;http://www.tcm.ce.gov.br/licitacoes/index.php/licitacao/detalhes/proc/152111/licit/115416
2020;ARATUBA;2712.01/2019;AQUISIÇÃO DE COMBUSTÍVEIS, FILTROS DE ÓLEO, DE AR, ESTOPAS, GRAXAS, GLP E DERIVADOS EM GERAL DE PETRÓLEO, CONFORME ESPECIFICAÇÕES DO EDITAL E ANEXOS;14/01/2020;03/01/2020;Finalizada;Pregão;Nenhuma;Combustíveis/Lubrificantes/Derivados de Petróleo;33903000;R$2.299.964,17;R$2.333.030,87;537 UNIDADE RECARGA DE GLP – GÁS LIQUEFEITO DE PETRÓLEO -13 KG;MV GAS COMERCIO DE GLP EIRELI;11.130.920/0001-40;R$46.182,00;20/01/2020;http://www.tcm.ce.gov.br/licitacoes/index.php/licitacao/detalhes/proc/152111/licit/115416
2020;INDEPENDENCIA;ST-PP001/2020;Aquisição de urnas fúnebres, mortalhas e serviços de translado, destinados às famílias carentes do Município de Independência - CE.;16/01/2020;06/01/2020;Finalizada;Pregão;Nenhuma;Outros;33903200;R$152.169,24;R$152.135,91;ITEM-03 CONFORME ESPECIFICAÇÕES DO ANEXO I DO EDITAL...;A & C ARTIGOS FUNERÁRIOS LTDA;41.599.226/0001-38;R$3.400,00;24/01/2020;http://www.tcm.ce.gov.br/licitacoes/index.php/licitacao/detalhes/proc/152156/licit/115444
2020;INDEPENDENCIA;ST-PP001/2020;Aquisição de urnas fúnebres, mortalhas e serviços de translado, destinados às famílias carentes do Município de Independência - CE.;16/01/2020;06/01/2020;Finalizada;Pregão;Nenhuma;Outros;33903200;R$152.169,24;R$152.135,91;ITEM-02 CONFORME ESPECIFICAÇÕES DO ANEXO I DO EDITAL...;A & C ARTIGOS FUNERÁRIOS LTDA;41.599.226/0001-38;R$6.600,00;24/01/2020;http://www.tcm.ce.gov.br/licitacoes/index.php/licitacao/detalhes/proc/152156/licit/115444
2020;INDEPENDENCIA;ST-PP001/2020;Aquisição de urnas fúnebres, mortalhas e serviços de translado, destinados às famílias carentes do Município de Independência - CE.;16/01/2020;06/01/2020;Finalizada;Pregão;Nenhuma;Outros;33903200;R$152.169,24;R$152.135,91;ITEM-01 CONFORME ESPECIFICAÇÕES DO ANEXO I DO EDITAL;A & C ARTIGOS FUNERÁRIOS LTDA;41.599.226/0001-38;R$18.560,00;24/01/2020;http://www.tcm.ce.gov.br/licitacoes/index.php/licitacao/detalhes/proc/152156/licit/115444
2020;INDEPENDENCIA;ST-PP001/2020;Aquisição de urnas fúnebres, mortalhas e serviços de translado, destinados às famílias carentes do Município de Independência - CE.;16/01/2020;06/01/2020;Finalizada;Pregão;Nenhuma;Outros;33903200;R$152.169,24;R$152.135,91;ITEM-05 CONFORME ESPECIFICAÇÕES DO ANEXO I DO EDITAL...;A & C ARTIGOS FUNERÁRIOS LTDA;41.599.226/0001-38;R$35.000,00;24/01/2020;http://www.tcm.ce.gov.br/licitacoes/index.php/licitacao/detalhes/proc/152156/licit/115444
2020;INDEPENDENCIA;ST-PP001/2020;Aquisição de urnas fúnebres, mortalhas e serviços de translado, destinados às famílias carentes do Município de Independência - CE.;16/01/2020;06/01/2020;Finalizada;Pregão;Nenhuma;Outros;33903200;R$152.169,24;R$152.135,91;ITEM-04 CONFORME ESPECIFICAÇÕES DO ANEXO I DO EDITAL...;A & C ARTIGOS FUNERÁRIOS LTDA;41.599.226/0001-38;R$66.000,00;24/01/2020;http://www.tcm.ce.gov.br/licitacoes/index.php/licitacao/detalhes/proc/152156/licit/115444
2020;INDEPENDENCIA;ST-TP002/20;AQUISIÇÃO DE CARNES PARA ATENDER AS NECESSIDADES DA SECRETARIA DO TRABALHO E ASSISTÊNCIA SOCIAL DO MUNICÍPIO DE INDEPENDÊNCIA/CE.;22/01/2020;10/01/2020;Finalizada;Pregão;Nenhuma;Gêneros Alimentícios;33903000;R$0,00;R$95.562,50;ITEM-06 CONFORME ESPECIFICAÇÕES DO ANEXO I DO EDITAL...;MANUEL EVANDO SOARES VIEIRA-ME;02.670.139/0001-78;R$2.888,00;24/01/2020;http://www.tcm.ce.gov.br/licitacoes/index.php/licitacao/detalhes/proc/152476/licit/115668
2020;INDEPENDENCIA;ST-TP002/20;AQUISIÇÃO DE CARNES PARA ATENDER AS NECESSIDADES DA SECRETARIA DO TRABALHO E ASSISTÊNCIA SOCIAL DO MUNICÍPIO DE INDEPENDÊNCIA/CE.;22/01/2020;10/01/2020;Finalizada;Pregão;Nenhuma;Gêneros Alimentícios;33903000;R$0,00;R$95.562,50;ITEM-02 CONFORME ESPECIFICAÇÕES DO ANEXO I DO EDITAL...;MANUEL EVANDO SOARES VIEIRA-ME;02.670.139/0001-78;R$9.655,80;24/01/2020;http://www.tcm.ce.gov.br/licitacoes/index.php/licitacao/detalhes/proc/152476/licit/115668
2020;INDEPENDENCIA;ST-TP002/20;AQUISIÇÃO DE CARNES PARA ATENDER AS NECESSIDADES DA SECRETARIA DO TRABALHO E ASSISTÊNCIA SOCIAL DO MUNICÍPIO DE INDEPENDÊNCIA/CE.;22/01/2020;10/01/2020;Finalizada;Pregão;Nenhuma;Gêneros Alimentícios;33903000;R$0,00;R$95.562,50;ITEM-01 CONFORME ESPECIFICAÇÕES DO ANEXO I DO EDITAL;MANUEL EVANDO SOARES VIEIRA-ME;02.670.139/0001-78;R$18.720,00;24/01/2020;http://www.tcm.ce.gov.br/licitacoes/index.php/licitacao/detalhes/proc/152476/licit/115668
2020;INDEPENDENCIA;ST-TP002/20;AQUISIÇÃO DE CARNES PARA ATENDER AS NECESSIDADES DA SECRETARIA DO TRABALHO E ASSISTÊNCIA SOCIAL DO MUNICÍPIO DE INDEPENDÊNCIA/CE.;22/01/2020;10/01/2020;Finalizada;Pregão;Nenhuma;Gêneros Alimentícios;33903000;R$0,00;R$95.562,50;ITEM-08 CONFORME ESPECIFICAÇÕES DO ANEXO I DO EDITAL...;A F BENTO SAORES COSTA-ME;63.376.925/0001-51;R$3.370,50;24/01/2020;http://www.tcm.ce.gov.br/licitacoes/index.php/licitacao/detalhes/proc/152476/licit/115668
2020;INDEPENDENCIA;ST-TP002/20;AQUISIÇÃO DE CARNES PARA ATENDER AS NECESSIDADES DA SECRETARIA DO TRABALHO E ASSISTÊNCIA SOCIAL DO MUNICÍPIO DE INDEPENDÊNCIA/CE.;22/01/2020;10/01/2020;Finalizada;Pregão;Nenhuma;Gêneros Alimentícios;33903000;R$0,00;R$95.562,50;ITEM-07 CONFORME ESPECIFICAÇÕES DO ANEXO I DO EDITAL...;A F BENTO SAORES COSTA-ME;63.376.925/0001-51;R$6.727,50;24/01/2020;http://www.tcm.ce.gov.br/licitacoes/index.php/licitacao/detalhes/proc/152476/licit/115668
2020;INDEPENDENCIA;ST-TP002/20;AQUISIÇÃO DE CARNES PARA ATENDER AS NECESSIDADES DA SECRETARIA DO TRABALHO E ASSISTÊNCIA SOCIAL DO MUNICÍPIO DE INDEPENDÊNCIA/CE.;22/01/2020;10/01/2020;Finalizada;Pregão;Nenhuma;Gêneros Alimentícios;33903000;R$0,00;R$95.562,50;ITEM-05 CONFORME ESPECIFICAÇÕES DO ANEXO I DO EDITAL...;A F BENTO SAORES COSTA-ME;63.376.925/0001-51;R$6.913,50;24/01/2020;http://www.tcm.ce.gov.br/licitacoes/index.php/licitacao/detalhes/proc/152476/licit/115668
2020;INDEPENDENCIA;ST-TP002/20;AQUISIÇÃO DE CARNES PARA ATENDER AS NECESSIDADES DA SECRETARIA DO TRABALHO E ASSISTÊNCIA SOCIAL DO MUNICÍPIO DE INDEPENDÊNCIA/CE.;22/01/2020;10/01/2020;Finalizada;Pregão;Nenhuma;Gêneros Alimentícios;33903000;R$0,00;R$95.562,50;ITEM-04 CONFORME ESPECIFICAÇÕES DO ANEXO I DO EDITAL...;A F BENTO SAORES COSTA-ME;63.376.925/0001-51;R$20.297,50;24/01/2020;http://www.tcm.ce.gov.br/licitacoes/index.php/licitacao/detalhes/proc/152476/licit/115668
2020;INDEPENDENCIA;ST-TP002/20;AQUISIÇÃO DE CARNES PARA ATENDER AS NECESSIDADES DA SECRETARIA DO TRABALHO E ASSISTÊNCIA SOCIAL DO MUNICÍPIO DE INDEPENDÊNCIA/CE.;22/01/2020;10/01/2020;Finalizada;Pregão;Nenhuma;Gêneros Alimentícios;33903000;R$0,00;R$95.562,50;ITEM-03 CONFORME ESPECIFICAÇÕES DO ANEXO I DO EDITAL...;A F BENTO SAORES COSTA-ME;63.376.925/0001-51;R$21.263,50;24/01/2020;http://www.tcm.ce.gov.br/licitacoes/index.php/licitacao/detalhes/proc/152476/licit/115668
;;;;;;;;;;;;;;;;;;
Relatório gerado em 25/01/2020 as 11:21:37h;;;;;;;;;;;;;;;;;;
